# --------------------------------------------------------
# Host:                         localhost
# Server version:               5.1.28-rc-community
# Server OS:                    Win32
# HeidiSQL version:             6.0.0.3603
# Date/time:                    2017-05-24 15:33:32
# --------------------------------------------------------

/*!40101 SET @OLD_CHARACTER_SET_CLIENT=@@CHARACTER_SET_CLIENT */;
/*!40101 SET NAMES utf8 */;
/*!40014 SET @OLD_FOREIGN_KEY_CHECKS=@@FOREIGN_KEY_CHECKS, FOREIGN_KEY_CHECKS=0 */;
/*!40101 SET @OLD_SQL_MODE=@@SQL_MODE, SQL_MODE='NO_AUTO_VALUE_ON_ZERO' */;

# Dumping database structure for attend
DROP DATABASE IF EXISTS `attend`;
CREATE DATABASE IF NOT EXISTS `attend` /*!40100 DEFAULT CHARACTER SET utf8 */;
USE `attend`;


# Dumping structure for table attend.app
DROP TABLE IF EXISTS `app`;
CREATE TABLE IF NOT EXISTS `app` (
  `id` int(11) NOT NULL AUTO_INCREMENT COMMENT 'ID',
  `userId` int(11) DEFAULT NULL,
  `appTypeId` int(11) NOT NULL COMMENT '申请类型',
  `appTime` timestamp NOT NULL DEFAULT CURRENT_TIMESTAMP ON UPDATE CURRENT_TIMESTAMP COMMENT '申请时间',
  `startTime` timestamp NULL DEFAULT NULL COMMENT '请假开始时间',
  `endTime` timestamp NULL DEFAULT NULL COMMENT '请假结束时间',
  `reason` varchar(255) DEFAULT NULL COMMENT '申请原因',
  `checkerId` int(11) DEFAULT NULL COMMENT '审核人id',
  `checkStatus` int(1) NOT NULL DEFAULT '1' COMMENT '审核状态，默认1,1 未审核,2: 通过，3：拒绝',
  `refuseReason` varchar(400) DEFAULT NULL COMMENT '拒绝原因',
  `checkTime` timestamp NULL DEFAULT NULL COMMENT '审核时间',
  `delay` int(1) NOT NULL DEFAULT '1' COMMENT '延时审核，默认 1,1：正常申请,2：延时申请',
  PRIMARY KEY (`id`),
  KEY `userId` (`userId`),
  KEY `appTypeId` (`appTypeId`),
  KEY `checkerId` (`checkerId`),
  CONSTRAINT `FK_app_apptype` FOREIGN KEY (`appTypeId`) REFERENCES `apptype` (`id`),
  CONSTRAINT `FK_app_user` FOREIGN KEY (`userId`) REFERENCES `user` (`id`) ON DELETE CASCADE,
  CONSTRAINT `FK_app_user_2` FOREIGN KEY (`checkerId`) REFERENCES `user` (`id`) ON DELETE CASCADE
) ENGINE=InnoDB AUTO_INCREMENT=24 DEFAULT CHARSET=utf8 COMMENT='申请表，如：病假，开会等';

# Dumping data for table attend.app: ~23 rows (approximately)
DELETE FROM `app`;
/*!40000 ALTER TABLE `app` DISABLE KEYS */;
INSERT INTO `app` (`id`, `userId`, `appTypeId`, `appTime`, `startTime`, `endTime`, `reason`, `checkerId`, `checkStatus`, `refuseReason`, `checkTime`, `delay`) VALUES
	(1, 11, 1, '2016-07-20 12:09:18', '2016-06-05 01:13:06', '2016-06-05 01:13:07', NULL, 2, 2, NULL, '2016-07-20 12:09:18', 1),
	(2, 11, 1, '2016-07-20 12:09:17', '2016-06-05 01:13:06', '2016-06-05 01:13:07', NULL, 2, 2, NULL, '2016-07-20 12:09:17', 1),
	(3, 18, 1, '2016-07-20 12:09:16', '2016-06-05 01:13:06', '2016-06-05 01:13:07', NULL, 2, 2, NULL, '2016-07-20 12:09:15', 1),
	(4, 2, 9, '2016-07-20 11:28:14', '2016-07-13 09:00:00', '2016-07-13 09:00:00', 'FSADFASDF', 2, 2, '', '2016-07-13 09:43:35', 0),
	(5, 17, 9, '2016-07-20 12:09:05', '2016-06-05 01:13:06', '2016-06-05 01:13:07', NULL, 2, 2, NULL, '2016-07-20 12:09:05', 1),
	(6, 19, 1, '2016-07-20 12:09:07', '2016-06-05 01:13:06', '2016-06-05 01:13:07', NULL, 2, 2, NULL, '2016-07-20 12:09:06', 1),
	(7, 20, 1, '2016-07-20 12:09:07', '2016-06-05 01:13:06', '2016-06-05 01:13:07', NULL, 2, 2, NULL, '2016-07-20 12:09:07', 1),
	(8, 21, 1, '2016-07-20 12:09:09', '2016-06-05 01:13:06', '2016-06-05 01:13:07', NULL, 2, 2, NULL, '2016-07-20 12:09:08', 1),
	(9, 22, 1, '2016-07-20 12:09:10', '2016-06-05 01:13:06', '2016-06-05 01:13:07', NULL, 2, 2, NULL, '2016-07-20 12:09:10', 1),
	(10, 8, 1, '2016-07-20 12:09:11', '2016-06-05 01:13:06', '2016-06-05 01:13:07', NULL, 2, 2, NULL, '2016-07-20 12:09:11', 1),
	(11, 9, 1, '2016-07-20 12:09:13', '2016-06-05 01:13:06', '2016-06-05 01:13:07', NULL, 2, 2, NULL, '2016-07-20 12:09:12', 1),
	(12, 10, 1, '2016-07-20 12:09:14', '2016-06-05 01:13:06', '2016-06-05 01:13:07', NULL, 2, 2, NULL, '2016-07-20 12:09:13', 1),
	(13, 26, 1, '2016-07-20 12:09:15', '2016-06-05 01:13:06', '2016-06-05 01:13:07', NULL, 2, 2, NULL, '2016-07-20 12:09:14', 1),
	(14, 2, 9, '2016-07-20 11:28:14', '2016-07-13 09:00:00', '2016-07-13 09:00:00', 'FSADFASDF', 2, 2, '', '2016-07-13 09:43:35', 0),
	(15, 2, 9, '2016-07-20 11:28:14', '2016-07-01 09:00:00', '2016-07-13 09:00:00', 'FSADFASDF', 2, 2, '', '2016-07-13 09:43:35', 0),
	(16, 2, 9, '2016-07-20 11:28:14', '2016-07-02 09:00:00', '2016-07-13 09:00:00', 'FSADFASDF', 2, 2, '', '2016-07-13 09:43:35', 0),
	(17, 2, 9, '2016-07-20 11:28:14', '2016-07-03 09:00:00', '2016-07-13 09:00:00', 'FSADFASDF', 2, 2, '', '2016-07-13 09:43:35', 0),
	(18, 2, 9, '2016-07-20 11:28:14', '2016-07-04 09:00:00', '2016-07-13 09:00:00', 'FSADFASDF', 2, 2, '', '2016-07-13 09:43:35', 0),
	(19, 2, 9, '2016-07-20 11:28:14', '2016-07-05 09:00:00', '2016-07-13 09:00:00', 'FSADFASDF', 2, 2, '', '2016-07-13 09:43:35', 0),
	(20, 2, 9, '2016-07-20 11:28:14', '2016-07-06 09:00:00', '2016-07-13 09:00:00', 'FSADFASDF', 2, 2, '', '2016-07-13 09:43:35', 0),
	(21, 2, 9, '2016-07-20 11:28:14', '2016-07-07 09:00:00', '2016-07-13 09:00:00', 'FSADFASDF', 2, 2, '', '2016-07-13 09:43:35', 0),
	(22, 2, 9, '2016-07-20 11:28:14', '2016-07-08 09:00:00', '2016-07-13 09:00:00', 'FSADFASDF', 2, 2, '', '2016-07-13 09:43:35', 0),
	(23, 2, 9, '2016-07-20 11:28:14', '2016-07-13 09:00:00', '2016-07-13 09:00:00', 'FSADFASDF', 2, 2, '', '2016-07-13 09:43:35', 0);
/*!40000 ALTER TABLE `app` ENABLE KEYS */;


# Dumping structure for table attend.apptype
DROP TABLE IF EXISTS `apptype`;
CREATE TABLE IF NOT EXISTS `apptype` (
  `id` int(11) NOT NULL AUTO_INCREMENT COMMENT 'ID',
  `name` varchar(50) NOT NULL COMMENT '申请名称',
  PRIMARY KEY (`id`)
) ENGINE=InnoDB AUTO_INCREMENT=10 DEFAULT CHARSET=utf8 COMMENT='申请类型表：正常、事假、病假、迟到、早退、旷工、出差等';

# Dumping data for table attend.apptype: ~9 rows (approximately)
DELETE FROM `apptype`;
/*!40000 ALTER TABLE `apptype` DISABLE KEYS */;
INSERT INTO `apptype` (`id`, `name`) VALUES
	(1, '事假'),
	(2, '休假'),
	(3, '会议'),
	(4, '出差'),
	(5, '因公外出'),
	(6, '上班打卡'),
	(7, '下班打卡'),
	(8, '加班'),
	(9, '病假');
/*!40000 ALTER TABLE `apptype` ENABLE KEYS */;


# Dumping structure for table attend.attend
DROP TABLE IF EXISTS `attend`;
CREATE TABLE IF NOT EXISTS `attend` (
  `id` int(11) NOT NULL AUTO_INCREMENT COMMENT 'ID',
  `dutyDate` timestamp NOT NULL DEFAULT CURRENT_TIMESTAMP COMMENT '出勤日期',
  `startWorkStatus` int(11) DEFAULT NULL COMMENT '上班签到时间',
  `startWorkTime` timestamp NULL DEFAULT NULL COMMENT '上班签到状态',
  `appId` int(11) DEFAULT NULL COMMENT '请假表id',
  `endWorkTime` timestamp NULL DEFAULT NULL COMMENT '下班签退时间',
  `endWorkStatus` int(11) DEFAULT NULL COMMENT '下班签退状态',
  `overTimeStatus` int(11) DEFAULT '1' COMMENT '加班，1：没加班，2：异常加班，3：正常加班, 4：节假日加班, 5:节假日异常加班,，6、周末异常加班，7、周末正常加班',
  `startOverTime` timestamp NULL DEFAULT NULL COMMENT '加班开始时间',
  `endOverTime` timestamp NULL DEFAULT NULL COMMENT '加班结束时间',
  `userId` int(11) NOT NULL COMMENT '员工id',
  `offline` int(1) DEFAULT '1' COMMENT '考勤情况： 1、正常考勤， 2、离线考勤',
  `appTimeQuantum` int(1) NOT NULL DEFAULT '1' COMMENT '请假时间段，1：无 ，2： 上午， 3：下午， 4：全天',
  PRIMARY KEY (`id`),
  KEY `appId` (`appId`),
  KEY `userId` (`userId`),
  CONSTRAINT `FK_attend_app` FOREIGN KEY (`appId`) REFERENCES `app` (`id`),
  CONSTRAINT `FK_attend_user` FOREIGN KEY (`userId`) REFERENCES `user` (`id`) ON DELETE CASCADE
) ENGINE=InnoDB AUTO_INCREMENT=407 DEFAULT CHARSET=utf8 COMMENT='出勤表：打卡时间、';

# Dumping data for table attend.attend: ~297 rows (approximately)
DELETE FROM `attend`;
/*!40000 ALTER TABLE `attend` DISABLE KEYS */;
INSERT INTO `attend` (`id`, `dutyDate`, `startWorkStatus`, `startWorkTime`, `appId`, `endWorkTime`, `endWorkStatus`, `overTimeStatus`, `startOverTime`, `endOverTime`, `userId`, `offline`, `appTimeQuantum`) VALUES
	(1, '2016-07-04 01:00:00', 5, NULL, NULL, NULL, 5, 1, NULL, NULL, 108, 1, 1),
	(2, '2016-07-04 01:00:00', 5, NULL, NULL, NULL, 5, 1, NULL, NULL, 107, 1, 1),
	(3, '2016-07-04 01:00:00', 5, NULL, NULL, NULL, 5, 1, NULL, NULL, 106, 1, 1),
	(4, '2016-07-04 01:00:00', 5, NULL, NULL, NULL, 5, 3, '2016-07-05 18:23:00', '2016-07-05 18:29:00', 105, 1, 1),
	(5, '2016-07-04 01:00:00', 5, NULL, NULL, NULL, 5, 3, '2016-07-05 18:23:00', '2016-07-05 18:29:00', 103, 1, 1),
	(6, '2016-07-04 01:00:00', 5, NULL, NULL, NULL, 5, 3, '2016-07-05 18:23:00', '2016-07-05 18:29:00', 102, 1, 1),
	(7, '2016-07-04 01:00:00', 5, NULL, NULL, NULL, 5, 3, '2016-07-05 18:23:00', '2016-07-05 18:29:00', 101, 1, 1),
	(8, '2016-07-04 01:00:00', 5, NULL, NULL, NULL, 5, 3, '2016-07-05 18:23:00', '2016-07-05 18:29:00', 100, 1, 1),
	(9, '2016-07-04 01:00:00', 5, NULL, NULL, NULL, 5, 3, '2016-07-05 18:23:00', '2016-07-05 18:29:00', 99, 1, 1),
	(10, '2016-07-04 01:00:00', 5, NULL, NULL, NULL, 5, 1, NULL, NULL, 98, 1, 1),
	(11, '2016-07-04 01:00:00', 5, NULL, NULL, NULL, 5, 1, NULL, NULL, 97, 1, 1),
	(12, '2016-07-04 01:00:00', 5, NULL, NULL, NULL, 5, 1, NULL, NULL, 95, 1, 1),
	(13, '2016-07-04 01:00:00', 5, NULL, NULL, NULL, 5, 1, NULL, NULL, 94, 1, 1),
	(14, '2016-07-04 01:00:00', 5, NULL, NULL, NULL, 5, 1, NULL, NULL, 92, 1, 1),
	(15, '2016-07-04 01:00:00', 5, NULL, NULL, NULL, 5, 1, NULL, NULL, 89, 1, 1),
	(16, '2016-07-04 01:00:00', 5, NULL, NULL, NULL, 5, 1, NULL, NULL, 86, 1, 1),
	(17, '2016-07-04 01:00:00', 5, NULL, NULL, NULL, 5, 1, NULL, NULL, 84, 1, 1),
	(18, '2016-07-04 01:00:00', 5, NULL, NULL, NULL, 5, 1, NULL, NULL, 83, 1, 1),
	(19, '2016-07-04 01:00:00', 5, NULL, NULL, NULL, 5, 1, NULL, NULL, 82, 1, 1),
	(20, '2016-07-04 01:00:00', 5, NULL, NULL, NULL, 5, 1, NULL, NULL, 81, 1, 1),
	(21, '2016-07-04 01:00:00', 5, NULL, NULL, NULL, 5, 1, NULL, NULL, 80, 1, 1),
	(22, '2016-07-04 01:00:00', 5, NULL, NULL, NULL, 5, 1, NULL, NULL, 79, 1, 1),
	(23, '2016-07-04 01:00:00', 5, NULL, NULL, NULL, 5, 1, NULL, NULL, 78, 1, 1),
	(24, '2016-07-04 01:00:00', 5, NULL, NULL, NULL, 5, 1, NULL, NULL, 77, 1, 1),
	(25, '2016-07-04 01:00:00', 5, NULL, NULL, NULL, 5, 1, NULL, NULL, 76, 1, 1),
	(26, '2016-07-04 01:00:00', 5, NULL, NULL, NULL, 5, 1, NULL, NULL, 75, 1, 1),
	(27, '2016-07-04 01:00:00', 5, NULL, NULL, NULL, 5, 1, NULL, NULL, 74, 1, 1),
	(28, '2016-07-04 01:00:00', 5, NULL, NULL, NULL, 5, 1, NULL, NULL, 73, 1, 1),
	(29, '2016-07-04 01:00:00', 5, NULL, NULL, NULL, 5, 1, NULL, NULL, 72, 1, 1),
	(30, '2016-07-04 01:00:00', 5, NULL, NULL, NULL, 5, 1, NULL, NULL, 71, 1, 1),
	(31, '2016-07-04 01:00:00', 5, NULL, NULL, NULL, 5, 1, NULL, NULL, 70, 1, 1),
	(32, '2016-07-04 01:00:00', 5, NULL, NULL, NULL, 5, 1, NULL, NULL, 69, 1, 1),
	(33, '2016-07-04 01:00:00', 5, NULL, NULL, NULL, 5, 1, NULL, NULL, 68, 1, 1),
	(34, '2016-07-04 01:00:00', 5, NULL, NULL, NULL, 5, 1, NULL, NULL, 67, 1, 1),
	(35, '2016-07-04 01:00:00', 5, NULL, NULL, NULL, 5, 1, NULL, NULL, 66, 1, 1),
	(36, '2016-07-04 01:00:00', 5, NULL, NULL, NULL, 5, 1, NULL, NULL, 65, 1, 1),
	(37, '2016-07-04 01:00:00', 5, NULL, NULL, NULL, 5, 1, NULL, NULL, 64, 1, 1),
	(38, '2016-07-04 01:00:00', 5, NULL, NULL, NULL, 5, 1, NULL, NULL, 63, 1, 1),
	(39, '2016-07-04 01:00:00', 5, NULL, NULL, NULL, 5, 1, NULL, NULL, 62, 1, 1),
	(40, '2016-07-04 01:00:00', 5, NULL, NULL, NULL, 5, 1, NULL, NULL, 61, 1, 1),
	(41, '2016-07-04 01:00:00', 5, NULL, NULL, NULL, 5, 1, NULL, NULL, 60, 1, 1),
	(42, '2016-07-04 01:00:00', 5, NULL, NULL, NULL, 5, 1, NULL, NULL, 59, 1, 1),
	(43, '2016-07-04 01:00:00', 5, NULL, NULL, NULL, 5, 1, NULL, NULL, 58, 1, 1),
	(44, '2016-07-04 01:00:00', 5, NULL, NULL, NULL, 5, 1, NULL, NULL, 57, 1, 1),
	(45, '2016-07-04 01:00:00', 5, NULL, NULL, NULL, 5, 1, NULL, NULL, 56, 1, 1),
	(46, '2016-07-04 01:00:00', 5, NULL, NULL, NULL, 5, 1, NULL, NULL, 55, 1, 1),
	(47, '2016-07-04 01:00:00', 5, NULL, NULL, NULL, 5, 1, NULL, NULL, 54, 1, 1),
	(48, '2016-07-04 01:00:00', 5, NULL, NULL, NULL, 5, 1, NULL, NULL, 53, 1, 1),
	(49, '2016-07-04 01:00:00', 5, NULL, NULL, NULL, 5, 1, NULL, NULL, 52, 1, 1),
	(50, '2016-07-04 01:00:00', 5, NULL, NULL, NULL, 5, 1, NULL, NULL, 51, 1, 1),
	(51, '2016-07-04 01:00:00', 5, NULL, NULL, NULL, 5, 1, NULL, NULL, 50, 1, 1),
	(52, '2016-07-04 01:00:00', 5, NULL, NULL, NULL, 5, 1, NULL, NULL, 49, 1, 1),
	(53, '2016-07-04 01:00:00', 5, NULL, NULL, NULL, 5, 1, NULL, NULL, 48, 1, 1),
	(54, '2016-07-04 01:00:00', 5, NULL, NULL, NULL, 5, 1, NULL, NULL, 47, 1, 1),
	(55, '2016-07-04 01:00:00', 5, NULL, NULL, NULL, 5, 1, NULL, NULL, 46, 1, 1),
	(56, '2016-07-04 01:00:00', 5, NULL, NULL, NULL, 5, 1, NULL, NULL, 45, 1, 1),
	(57, '2016-07-04 01:00:00', 5, NULL, NULL, NULL, 5, 1, NULL, NULL, 44, 1, 1),
	(58, '2016-07-04 01:00:00', 5, NULL, NULL, NULL, 5, 1, NULL, NULL, 43, 1, 1),
	(59, '2016-07-04 01:00:00', 5, NULL, NULL, NULL, 5, 1, NULL, NULL, 42, 1, 1),
	(60, '2016-07-04 01:00:00', 5, NULL, NULL, NULL, 5, 1, NULL, NULL, 41, 1, 1),
	(61, '2016-07-04 01:00:00', 5, NULL, NULL, NULL, 5, 1, NULL, NULL, 40, 1, 1),
	(62, '2016-07-04 01:00:00', 5, NULL, NULL, NULL, 5, 1, NULL, NULL, 39, 1, 1),
	(63, '2016-07-04 01:00:00', 5, NULL, NULL, NULL, 5, 1, NULL, NULL, 38, 1, 1),
	(64, '2016-07-04 01:00:00', 5, NULL, NULL, NULL, 5, 1, NULL, NULL, 37, 1, 1),
	(65, '2016-07-04 01:00:00', 5, NULL, NULL, NULL, 5, 1, NULL, NULL, 36, 1, 1),
	(66, '2016-07-04 01:00:00', 5, NULL, NULL, NULL, 5, 1, NULL, NULL, 35, 1, 1),
	(67, '2016-07-04 01:00:00', 5, NULL, NULL, NULL, 5, 1, NULL, NULL, 34, 1, 1),
	(68, '2016-07-04 01:00:00', 5, NULL, NULL, NULL, 5, 1, NULL, NULL, 33, 1, 1),
	(69, '2016-07-04 01:00:00', 5, NULL, NULL, NULL, 5, 1, NULL, NULL, 32, 1, 1),
	(70, '2016-07-04 01:00:00', 5, NULL, NULL, NULL, 5, 1, NULL, NULL, 31, 1, 1),
	(71, '2016-07-04 01:00:00', 5, NULL, NULL, NULL, 5, 1, NULL, NULL, 30, 1, 1),
	(72, '2016-07-04 01:00:00', 5, NULL, NULL, NULL, 5, 1, NULL, NULL, 29, 1, 1),
	(73, '2016-07-04 01:00:00', 5, NULL, NULL, NULL, 5, 1, NULL, NULL, 28, 1, 1),
	(74, '2016-07-04 01:00:00', 5, NULL, NULL, NULL, 5, 1, NULL, NULL, 27, 1, 1),
	(75, '2016-07-04 01:00:00', 5, NULL, NULL, NULL, 5, 1, NULL, NULL, 26, 1, 1),
	(76, '2016-07-04 01:00:00', 5, NULL, NULL, NULL, 5, 1, NULL, NULL, 25, 1, 1),
	(77, '2016-07-04 01:00:00', 5, NULL, NULL, NULL, 5, 1, NULL, NULL, 24, 1, 1),
	(78, '2016-07-04 01:00:00', 5, NULL, NULL, NULL, 5, 1, NULL, NULL, 23, 1, 1),
	(79, '2016-07-04 01:00:00', 5, NULL, NULL, NULL, 5, 3, '2016-07-05 18:23:00', '2016-07-05 18:29:00', 22, 1, 1),
	(80, '2016-07-04 01:00:00', 5, NULL, NULL, NULL, 5, 3, '2016-07-05 18:23:00', '2016-07-05 18:29:00', 21, 1, 1),
	(81, '2016-07-04 01:00:00', 5, NULL, NULL, NULL, 5, 3, '2016-07-05 18:23:00', '2016-07-05 18:29:00', 20, 1, 1),
	(82, '2016-07-04 01:00:00', 5, NULL, NULL, NULL, 5, 3, '2016-07-05 18:23:00', '2016-07-05 18:29:00', 19, 1, 1),
	(83, '2016-07-04 01:00:00', 5, NULL, NULL, NULL, 5, 3, '2016-07-05 18:23:00', '2016-07-05 18:29:00', 18, 1, 1),
	(84, '2016-07-04 01:00:00', 5, NULL, NULL, NULL, 5, 3, '2016-07-05 18:23:00', '2016-07-05 18:29:00', 17, 1, 1),
	(85, '2016-07-04 01:00:00', 5, NULL, NULL, NULL, 5, 3, '2016-07-05 18:23:00', '2016-07-05 18:29:00', 16, 1, 1),
	(86, '2016-07-04 01:00:00', 5, NULL, NULL, NULL, 5, 3, '2016-07-05 18:23:00', '2016-07-05 18:29:00', 15, 1, 1),
	(87, '2016-07-04 01:00:00', 5, NULL, NULL, NULL, 5, 3, '2016-07-05 18:23:00', '2016-07-05 18:29:00', 14, 1, 1),
	(88, '2016-07-04 01:00:00', 5, NULL, NULL, NULL, 5, 3, '2016-07-05 18:23:00', '2016-07-05 18:29:00', 13, 1, 1),
	(89, '2016-07-04 01:00:00', 5, NULL, NULL, NULL, 5, 3, '2016-07-05 18:23:00', '2016-07-05 18:29:00', 12, 1, 1),
	(90, '2016-07-04 01:00:00', 5, NULL, NULL, NULL, 5, 3, '2016-07-05 18:23:00', '2016-07-05 18:29:00', 11, 1, 1),
	(91, '2016-07-04 01:00:00', 5, NULL, NULL, NULL, 5, 3, '2016-07-05 18:23:00', '2016-07-05 18:29:00', 10, 1, 1),
	(92, '2016-07-04 01:00:00', 5, NULL, NULL, NULL, 5, 3, '2016-07-05 18:23:00', '2016-07-05 18:29:00', 9, 1, 1),
	(93, '2016-07-04 01:00:00', 5, NULL, NULL, NULL, 5, 3, '2016-07-05 18:23:00', '2016-07-05 18:29:00', 8, 1, 1),
	(94, '2016-07-04 01:00:00', 5, NULL, NULL, NULL, 5, 1, NULL, NULL, 7, 1, 1),
	(95, '2016-07-04 01:00:00', 5, NULL, NULL, NULL, 5, 1, NULL, NULL, 5, 1, 1),
	(96, '2016-07-04 01:00:00', 5, NULL, NULL, NULL, 5, 1, NULL, NULL, 4, 1, 1),
	(97, '2016-07-04 01:00:00', 5, NULL, NULL, NULL, 5, 1, NULL, NULL, 3, 1, 1),
	(98, '2016-07-04 01:00:00', 5, NULL, NULL, NULL, 5, 3, '2016-07-05 01:17:18', '2016-07-05 01:27:19', 2, 1, 1),
	(99, '2016-07-04 01:00:00', 5, NULL, NULL, NULL, 5, 1, NULL, NULL, 1, 1, 1),
	(100, '2016-07-05 01:00:00', 5, NULL, NULL, NULL, 5, 1, NULL, NULL, 108, 1, 1),
	(101, '2016-07-05 01:00:00', 5, NULL, NULL, NULL, 5, 1, NULL, NULL, 107, 1, 1),
	(102, '2016-07-05 01:00:00', 5, NULL, NULL, NULL, 5, 1, NULL, NULL, 106, 1, 1),
	(103, '2016-07-05 01:00:00', 5, NULL, NULL, NULL, 5, 3, '2016-07-05 18:23:00', '2016-07-05 18:43:00', 105, 1, 1),
	(104, '2016-07-05 01:00:00', 5, NULL, NULL, NULL, 5, 1, NULL, NULL, 103, 1, 1),
	(105, '2016-07-05 01:00:00', 5, NULL, NULL, NULL, 5, 1, NULL, NULL, 102, 1, 1),
	(106, '2016-07-05 01:00:00', 5, NULL, NULL, NULL, 5, 1, NULL, NULL, 101, 1, 1),
	(107, '2016-07-05 01:00:00', 5, NULL, NULL, NULL, 5, 1, NULL, NULL, 100, 1, 1),
	(108, '2016-07-05 01:00:00', 5, NULL, NULL, NULL, 5, 1, NULL, NULL, 99, 1, 1),
	(109, '2016-07-05 01:00:00', 5, NULL, NULL, NULL, 5, 1, NULL, NULL, 98, 1, 1),
	(110, '2016-07-05 01:00:00', 5, NULL, NULL, NULL, 5, 1, NULL, NULL, 97, 1, 1),
	(111, '2016-07-05 01:00:00', 5, NULL, NULL, NULL, 5, 1, NULL, NULL, 95, 1, 1),
	(112, '2016-07-05 01:00:00', 5, NULL, NULL, NULL, 5, 1, NULL, NULL, 94, 1, 1),
	(113, '2016-07-05 01:00:00', 5, NULL, NULL, NULL, 5, 1, NULL, NULL, 92, 1, 1),
	(114, '2016-07-05 01:00:00', 5, NULL, NULL, NULL, 5, 1, NULL, NULL, 89, 1, 1),
	(115, '2016-07-05 01:00:00', 5, NULL, NULL, NULL, 5, 1, NULL, NULL, 86, 1, 1),
	(116, '2016-07-05 01:00:00', 5, NULL, NULL, NULL, 5, 1, NULL, NULL, 84, 1, 1),
	(117, '2016-07-05 01:00:00', 5, NULL, NULL, NULL, 5, 1, NULL, NULL, 83, 1, 1),
	(118, '2016-07-05 01:00:00', 5, NULL, NULL, NULL, 5, 1, NULL, NULL, 82, 1, 1),
	(119, '2016-07-05 01:00:00', 5, NULL, NULL, NULL, 5, 1, NULL, NULL, 81, 1, 1),
	(120, '2016-07-05 01:00:00', 5, NULL, NULL, NULL, 5, 1, NULL, NULL, 80, 1, 1),
	(121, '2016-07-05 01:00:00', 5, NULL, NULL, NULL, 5, 1, NULL, NULL, 79, 1, 1),
	(122, '2016-07-05 01:00:00', 5, NULL, NULL, NULL, 5, 1, NULL, NULL, 78, 1, 1),
	(123, '2016-07-05 01:00:00', 5, NULL, NULL, NULL, 5, 1, NULL, NULL, 77, 1, 1),
	(124, '2016-07-05 01:00:00', 5, NULL, NULL, NULL, 5, 1, NULL, NULL, 76, 1, 1),
	(125, '2016-07-05 01:00:00', 5, NULL, NULL, NULL, 5, 1, NULL, NULL, 75, 1, 1),
	(126, '2016-07-05 01:00:00', 5, NULL, NULL, NULL, 5, 1, NULL, NULL, 74, 1, 1),
	(127, '2016-07-05 01:00:00', 5, NULL, NULL, NULL, 5, 1, NULL, NULL, 73, 1, 1),
	(128, '2016-07-05 01:00:00', 5, NULL, NULL, NULL, 5, 1, NULL, NULL, 72, 1, 1),
	(129, '2016-07-05 01:00:00', 5, NULL, NULL, NULL, 5, 1, NULL, NULL, 71, 1, 1),
	(130, '2016-07-05 01:00:00', 5, NULL, NULL, NULL, 5, 1, NULL, NULL, 70, 1, 1),
	(131, '2016-07-05 01:00:00', 5, NULL, NULL, NULL, 5, 1, NULL, NULL, 69, 1, 1),
	(132, '2016-07-05 01:00:00', 5, NULL, NULL, NULL, 5, 1, NULL, NULL, 68, 1, 1),
	(133, '2016-07-05 01:00:00', 5, NULL, NULL, NULL, 5, 1, NULL, NULL, 67, 1, 1),
	(134, '2016-07-05 01:00:00', 5, NULL, NULL, NULL, 5, 1, NULL, NULL, 66, 1, 1),
	(135, '2016-07-05 01:00:00', 5, NULL, NULL, NULL, 5, 1, NULL, NULL, 65, 1, 1),
	(136, '2016-07-05 01:00:00', 5, NULL, NULL, NULL, 5, 1, NULL, NULL, 64, 1, 1),
	(137, '2016-07-05 01:00:00', 5, NULL, NULL, NULL, 5, 1, NULL, NULL, 63, 1, 1),
	(138, '2016-07-05 01:00:00', 5, NULL, NULL, NULL, 5, 1, NULL, NULL, 62, 1, 1),
	(139, '2016-07-05 01:00:00', 5, NULL, NULL, NULL, 5, 1, NULL, NULL, 61, 1, 1),
	(140, '2016-07-05 01:00:00', 5, NULL, NULL, NULL, 5, 1, NULL, NULL, 60, 1, 1),
	(141, '2016-07-05 01:00:00', 5, NULL, NULL, NULL, 5, 1, NULL, NULL, 59, 1, 1),
	(142, '2016-07-05 01:00:00', 5, NULL, NULL, NULL, 5, 1, NULL, NULL, 58, 1, 1),
	(143, '2016-07-05 01:00:00', 5, NULL, NULL, NULL, 5, 1, NULL, NULL, 57, 1, 1),
	(144, '2016-07-05 01:00:00', 5, NULL, NULL, NULL, 5, 1, NULL, NULL, 56, 1, 1),
	(145, '2016-07-05 01:00:00', 5, NULL, NULL, NULL, 5, 1, NULL, NULL, 55, 1, 1),
	(146, '2016-07-05 01:00:00', 5, NULL, NULL, NULL, 5, 1, NULL, NULL, 54, 1, 1),
	(147, '2016-07-05 01:00:00', 5, NULL, NULL, NULL, 5, 1, NULL, NULL, 53, 1, 1),
	(148, '2016-07-05 01:00:00', 5, NULL, NULL, NULL, 5, 1, NULL, NULL, 52, 1, 1),
	(149, '2016-07-05 01:00:00', 5, NULL, NULL, NULL, 5, 1, NULL, NULL, 51, 1, 1),
	(150, '2016-07-05 01:00:00', 5, NULL, NULL, NULL, 5, 1, NULL, NULL, 50, 1, 1),
	(151, '2016-07-05 01:00:00', 5, NULL, NULL, NULL, 5, 1, NULL, NULL, 49, 1, 1),
	(152, '2016-07-05 01:00:00', 5, NULL, NULL, NULL, 5, 1, NULL, NULL, 48, 1, 1),
	(153, '2016-07-05 01:00:00', 5, NULL, NULL, NULL, 5, 1, NULL, NULL, 47, 1, 1),
	(154, '2016-07-05 01:00:00', 5, NULL, NULL, NULL, 5, 1, NULL, NULL, 46, 1, 1),
	(155, '2016-07-05 01:00:00', 5, NULL, NULL, NULL, 5, 1, NULL, NULL, 45, 1, 1),
	(156, '2016-07-05 01:00:00', 5, NULL, NULL, NULL, 5, 1, NULL, NULL, 44, 1, 1),
	(157, '2016-07-05 01:00:00', 5, NULL, NULL, NULL, 5, 1, NULL, NULL, 43, 1, 1),
	(158, '2016-07-05 01:00:00', 5, NULL, NULL, NULL, 5, 1, NULL, NULL, 42, 1, 1),
	(159, '2016-07-05 01:00:00', 5, NULL, NULL, NULL, 5, 1, NULL, NULL, 41, 1, 1),
	(160, '2016-07-05 01:00:00', 5, NULL, NULL, NULL, 5, 1, NULL, NULL, 40, 1, 1),
	(161, '2016-07-05 01:00:00', 5, NULL, NULL, NULL, 5, 1, NULL, NULL, 39, 1, 1),
	(162, '2016-07-05 01:00:00', 5, NULL, NULL, NULL, 5, 1, NULL, NULL, 38, 1, 1),
	(163, '2016-07-05 01:00:00', 5, NULL, NULL, NULL, 5, 1, NULL, NULL, 37, 1, 1),
	(164, '2016-07-05 01:00:00', 5, NULL, NULL, NULL, 5, 1, NULL, NULL, 36, 1, 1),
	(165, '2016-07-05 01:00:00', 5, NULL, NULL, NULL, 5, 1, NULL, NULL, 35, 1, 1),
	(166, '2016-07-05 01:00:00', 5, NULL, NULL, NULL, 5, 1, NULL, NULL, 34, 1, 1),
	(167, '2016-07-05 01:00:00', 5, NULL, NULL, NULL, 5, 1, NULL, NULL, 33, 1, 1),
	(168, '2016-07-05 01:00:00', 5, NULL, NULL, NULL, 5, 1, NULL, NULL, 32, 1, 1),
	(169, '2016-07-05 01:00:00', 5, NULL, NULL, NULL, 5, 1, NULL, NULL, 31, 1, 1),
	(170, '2016-07-05 01:00:00', 5, NULL, NULL, NULL, 5, 1, NULL, NULL, 30, 1, 1),
	(171, '2016-07-05 01:00:00', 5, NULL, NULL, NULL, 5, 1, NULL, NULL, 29, 1, 1),
	(172, '2016-07-05 01:00:00', 5, NULL, NULL, NULL, 5, 1, NULL, NULL, 28, 1, 1),
	(173, '2016-07-05 01:00:00', 5, NULL, NULL, NULL, 5, 1, NULL, NULL, 27, 1, 1),
	(174, '2016-07-05 01:00:00', 5, NULL, NULL, NULL, 5, 1, NULL, NULL, 26, 1, 1),
	(175, '2016-07-05 01:00:00', 5, NULL, NULL, NULL, 5, 1, NULL, NULL, 25, 1, 1),
	(176, '2016-07-05 01:00:00', 5, NULL, NULL, NULL, 5, 1, NULL, NULL, 24, 1, 1),
	(177, '2016-07-05 01:00:00', 5, NULL, NULL, NULL, 5, 1, NULL, NULL, 23, 1, 1),
	(178, '2016-07-05 01:00:00', 5, NULL, NULL, NULL, 5, 4, '2016-07-05 18:23:00', '2016-07-05 18:29:00', 22, 1, 1),
	(179, '2016-07-05 01:00:00', 5, NULL, NULL, NULL, 5, 7, '2016-07-05 18:23:00', '2016-07-05 18:29:00', 21, 1, 1),
	(180, '2016-07-05 01:00:00', 5, NULL, NULL, NULL, 5, 3, '2016-07-05 18:23:00', '2016-07-05 18:29:00', 20, 1, 1),
	(181, '2016-07-05 01:00:00', 5, NULL, NULL, NULL, 5, 4, '2016-07-05 18:23:00', '2016-07-05 18:29:00', 19, 1, 1),
	(182, '2016-07-05 01:00:00', 5, NULL, NULL, NULL, 5, 3, '2016-07-05 18:23:00', '2016-07-05 18:29:00', 18, 1, 1),
	(183, '2016-07-05 01:00:00', 5, NULL, NULL, NULL, 5, 3, '2016-07-05 18:23:00', '2016-07-05 18:29:00', 17, 1, 1),
	(184, '2016-07-05 01:00:00', 5, NULL, NULL, NULL, 5, 7, '2016-07-05 18:23:00', '2016-07-05 18:29:00', 16, 1, 1),
	(185, '2016-07-05 01:00:00', 5, NULL, NULL, NULL, 5, 3, '2016-07-05 18:23:00', '2016-07-05 18:29:00', 15, 1, 1),
	(186, '2016-07-05 01:00:00', 5, NULL, NULL, NULL, 5, 3, '2016-07-05 18:23:00', '2016-07-05 18:29:00', 14, 1, 1),
	(187, '2016-07-05 01:00:00', 5, NULL, NULL, NULL, 5, 3, '2016-07-05 18:23:00', '2016-07-05 18:29:00', 13, 1, 1),
	(188, '2016-07-05 01:00:00', 5, NULL, NULL, NULL, 5, 3, '2016-07-05 18:23:00', '2016-07-05 18:29:00', 12, 1, 1),
	(189, '2016-07-05 01:00:00', 5, NULL, NULL, NULL, 5, 3, '2016-07-05 18:23:00', '2016-07-05 18:29:00', 11, 1, 1),
	(190, '2016-07-05 01:00:00', 5, NULL, NULL, NULL, 5, 3, '2016-07-05 18:23:00', '2016-07-05 18:29:00', 10, 1, 1),
	(191, '2016-07-05 01:00:00', 5, NULL, NULL, NULL, 5, 3, '2016-07-05 18:23:00', '2016-07-05 18:29:00', 9, 1, 1),
	(192, '2016-07-05 01:00:00', 5, NULL, NULL, NULL, 5, 3, '2016-07-05 18:23:00', '2016-07-05 18:29:00', 8, 1, 1),
	(193, '2016-07-05 01:00:00', 5, NULL, NULL, NULL, 5, 1, NULL, NULL, 7, 1, 1),
	(194, '2016-07-05 01:00:00', 5, NULL, NULL, NULL, 5, 1, NULL, NULL, 5, 1, 1),
	(195, '2016-07-05 01:00:00', 5, NULL, NULL, NULL, 5, 1, NULL, NULL, 4, 1, 1),
	(196, '2016-07-05 01:00:00', 5, NULL, NULL, NULL, 5, 1, NULL, NULL, 3, 1, 1),
	(197, '2016-07-05 01:00:00', 5, NULL, NULL, NULL, 5, 1, NULL, NULL, 2, 1, 1),
	(198, '2016-07-05 01:00:00', 5, NULL, NULL, NULL, 5, 1, NULL, NULL, 1, 1, 1),
	(199, '2016-07-13 09:09:34', 5, NULL, NULL, NULL, 5, 1, NULL, NULL, 108, 1, 1),
	(200, '2016-07-13 09:09:35', 5, NULL, NULL, NULL, 5, 1, NULL, NULL, 107, 1, 1),
	(201, '2016-07-13 09:09:35', 5, NULL, NULL, NULL, 5, 1, NULL, NULL, 106, 1, 1),
	(202, '2016-07-13 09:09:35', 5, NULL, NULL, NULL, 5, 1, NULL, NULL, 105, 1, 1),
	(203, '2016-07-13 09:09:35', 5, NULL, NULL, NULL, 5, 1, NULL, NULL, 103, 1, 1),
	(204, '2016-07-13 09:09:35', 5, NULL, NULL, NULL, 5, 1, NULL, NULL, 102, 1, 1),
	(205, '2016-07-13 09:09:35', 5, NULL, NULL, NULL, 5, 1, NULL, NULL, 101, 1, 1),
	(206, '2016-07-13 09:09:35', 5, NULL, NULL, NULL, 5, 1, NULL, NULL, 100, 1, 1),
	(207, '2016-07-13 09:09:35', 5, NULL, NULL, NULL, 5, 1, NULL, NULL, 99, 1, 1),
	(208, '2016-07-13 09:09:35', 5, NULL, NULL, NULL, 5, 1, NULL, NULL, 98, 1, 1),
	(209, '2016-07-13 09:09:35', 5, NULL, NULL, NULL, 5, 1, NULL, NULL, 97, 1, 1),
	(210, '2016-07-13 09:09:35', 5, NULL, NULL, NULL, 5, 1, NULL, NULL, 95, 1, 1),
	(211, '2016-07-13 09:09:35', 5, NULL, NULL, NULL, 5, 1, NULL, NULL, 94, 1, 1),
	(212, '2016-07-13 09:09:35', 5, NULL, NULL, NULL, 5, 1, NULL, NULL, 92, 1, 1),
	(213, '2016-07-13 09:09:35', 5, NULL, NULL, NULL, 5, 1, NULL, NULL, 89, 1, 1),
	(214, '2016-07-13 09:09:35', 5, NULL, NULL, NULL, 5, 1, NULL, NULL, 86, 1, 1),
	(215, '2016-07-13 09:09:35', 5, NULL, NULL, NULL, 5, 1, NULL, NULL, 84, 1, 1),
	(216, '2016-07-13 09:09:35', 5, NULL, NULL, NULL, 5, 1, NULL, NULL, 83, 1, 1),
	(217, '2016-07-13 09:09:35', 5, NULL, NULL, NULL, 5, 1, NULL, NULL, 82, 1, 1),
	(218, '2016-07-13 09:09:35', 5, NULL, NULL, NULL, 5, 1, NULL, NULL, 81, 1, 1),
	(219, '2016-07-13 09:09:35', 5, NULL, NULL, NULL, 5, 1, NULL, NULL, 80, 1, 1),
	(220, '2016-07-13 09:09:35', 5, NULL, NULL, NULL, 5, 1, NULL, NULL, 79, 1, 1),
	(221, '2016-07-13 09:09:35', 5, NULL, NULL, NULL, 5, 1, NULL, NULL, 78, 1, 1),
	(222, '2016-07-13 09:09:35', 5, NULL, NULL, NULL, 5, 1, NULL, NULL, 77, 1, 1),
	(223, '2016-07-13 09:09:35', 5, NULL, NULL, NULL, 5, 1, NULL, NULL, 76, 1, 1),
	(224, '2016-07-13 09:09:35', 5, NULL, NULL, NULL, 5, 1, NULL, NULL, 75, 1, 1),
	(225, '2016-07-13 09:09:35', 5, NULL, NULL, NULL, 5, 1, NULL, NULL, 74, 1, 1),
	(226, '2016-07-13 09:09:35', 5, NULL, NULL, NULL, 5, 1, NULL, NULL, 73, 1, 1),
	(227, '2016-07-13 09:09:35', 5, NULL, NULL, NULL, 5, 1, NULL, NULL, 72, 1, 1),
	(228, '2016-07-13 09:09:35', 5, NULL, NULL, NULL, 5, 1, NULL, NULL, 71, 1, 1),
	(229, '2016-07-13 09:09:35', 5, NULL, NULL, NULL, 5, 1, NULL, NULL, 70, 1, 1),
	(230, '2016-07-13 09:09:35', 5, NULL, NULL, NULL, 5, 1, NULL, NULL, 69, 1, 1),
	(231, '2016-07-13 09:09:35', 5, NULL, NULL, NULL, 5, 1, NULL, NULL, 68, 1, 1),
	(232, '2016-07-13 09:09:35', 5, NULL, NULL, NULL, 5, 1, NULL, NULL, 67, 1, 1),
	(233, '2016-07-13 09:09:35', 5, NULL, NULL, NULL, 5, 1, NULL, NULL, 66, 1, 1),
	(234, '2016-07-13 09:09:35', 5, NULL, NULL, NULL, 5, 1, NULL, NULL, 65, 1, 1),
	(235, '2016-07-13 09:09:35', 5, NULL, NULL, NULL, 5, 1, NULL, NULL, 64, 1, 1),
	(236, '2016-07-13 09:09:35', 5, NULL, NULL, NULL, 5, 1, NULL, NULL, 63, 1, 1),
	(237, '2016-07-13 09:09:35', 5, NULL, NULL, NULL, 5, 1, NULL, NULL, 62, 1, 1),
	(238, '2016-07-13 09:09:35', 5, NULL, NULL, NULL, 5, 1, NULL, NULL, 61, 1, 1),
	(239, '2016-07-13 09:09:35', 5, NULL, NULL, NULL, 5, 1, NULL, NULL, 60, 1, 1),
	(240, '2016-07-13 09:09:35', 5, NULL, NULL, NULL, 5, 1, NULL, NULL, 59, 1, 1),
	(241, '2016-07-13 09:09:35', 5, NULL, NULL, NULL, 5, 1, NULL, NULL, 58, 1, 1),
	(242, '2016-07-13 09:09:35', 5, NULL, NULL, NULL, 5, 1, NULL, NULL, 57, 1, 1),
	(243, '2016-07-13 09:09:35', 5, NULL, NULL, NULL, 5, 1, NULL, NULL, 56, 1, 1),
	(244, '2016-07-13 09:09:35', 5, NULL, NULL, NULL, 5, 1, NULL, NULL, 55, 1, 1),
	(245, '2016-07-13 09:09:35', 5, NULL, NULL, NULL, 5, 1, NULL, NULL, 54, 1, 1),
	(246, '2016-07-13 09:09:35', 5, NULL, NULL, NULL, 5, 1, NULL, NULL, 53, 1, 1),
	(247, '2016-07-13 09:09:35', 5, NULL, NULL, NULL, 5, 1, NULL, NULL, 52, 1, 1),
	(248, '2016-07-13 09:09:35', 5, NULL, NULL, NULL, 5, 1, NULL, NULL, 51, 1, 1),
	(249, '2016-07-13 09:09:35', 5, NULL, NULL, NULL, 5, 1, NULL, NULL, 50, 1, 1),
	(250, '2016-07-13 09:09:35', 5, NULL, NULL, NULL, 5, 1, NULL, NULL, 49, 1, 1),
	(251, '2016-07-13 09:09:35', 5, NULL, NULL, NULL, 5, 1, NULL, NULL, 48, 1, 1),
	(252, '2016-07-13 09:09:35', 5, NULL, NULL, NULL, 5, 1, NULL, NULL, 47, 1, 1),
	(253, '2016-07-13 09:09:35', 5, NULL, NULL, NULL, 5, 1, NULL, NULL, 46, 1, 1),
	(254, '2016-07-13 09:09:35', 5, NULL, NULL, NULL, 5, 1, NULL, NULL, 45, 1, 1),
	(255, '2016-07-13 09:09:35', 5, NULL, NULL, NULL, 5, 1, NULL, NULL, 44, 1, 1),
	(256, '2016-07-13 09:09:35', 5, NULL, NULL, NULL, 5, 1, NULL, NULL, 43, 1, 1),
	(257, '2016-07-13 09:09:35', 5, NULL, NULL, NULL, 5, 1, NULL, NULL, 42, 1, 1),
	(258, '2016-07-13 09:09:35', 5, NULL, NULL, NULL, 5, 1, NULL, NULL, 41, 1, 1),
	(259, '2016-07-13 09:09:35', 5, NULL, NULL, NULL, 5, 1, NULL, NULL, 40, 1, 1),
	(260, '2016-07-13 09:09:35', 5, NULL, NULL, NULL, 5, 1, NULL, NULL, 39, 1, 1),
	(261, '2016-07-13 09:09:35', 5, NULL, NULL, NULL, 5, 1, NULL, NULL, 38, 1, 1),
	(262, '2016-07-13 09:09:35', 5, NULL, NULL, NULL, 5, 1, NULL, NULL, 37, 1, 1),
	(263, '2016-07-13 09:09:35', 5, NULL, NULL, NULL, 5, 1, NULL, NULL, 36, 1, 1),
	(264, '2016-07-13 09:09:35', 5, NULL, NULL, NULL, 5, 1, NULL, NULL, 35, 1, 1),
	(265, '2016-07-13 09:09:35', 5, NULL, NULL, NULL, 5, 1, NULL, NULL, 34, 1, 1),
	(266, '2016-07-13 09:09:35', 5, NULL, NULL, NULL, 5, 1, NULL, NULL, 33, 1, 1),
	(267, '2016-07-13 09:09:35', 5, NULL, NULL, NULL, 5, 1, NULL, NULL, 32, 1, 1),
	(268, '2016-07-13 09:09:35', 5, NULL, NULL, NULL, 5, 1, NULL, NULL, 31, 1, 1),
	(269, '2016-07-13 09:09:35', 5, NULL, NULL, NULL, 5, 1, NULL, NULL, 30, 1, 1),
	(270, '2016-07-13 09:09:35', 5, NULL, NULL, NULL, 5, 1, NULL, NULL, 29, 1, 1),
	(271, '2016-07-13 09:09:35', 5, NULL, NULL, NULL, 5, 1, NULL, NULL, 28, 1, 1),
	(272, '2016-07-13 09:09:35', 5, NULL, NULL, NULL, 5, 1, NULL, NULL, 27, 1, 1),
	(273, '2016-07-13 09:09:35', 5, NULL, NULL, NULL, 5, 1, NULL, NULL, 26, 1, 1),
	(274, '2016-07-13 09:09:35', 5, NULL, NULL, NULL, 5, 1, NULL, NULL, 25, 1, 1),
	(275, '2016-07-13 09:09:35', 5, NULL, NULL, NULL, 5, 1, NULL, NULL, 24, 1, 1),
	(276, '2016-07-13 09:09:35', 5, NULL, NULL, NULL, 5, 1, NULL, NULL, 23, 1, 1),
	(277, '2016-07-13 09:09:35', 5, NULL, NULL, NULL, 5, 3, '2016-07-05 18:23:00', '2016-07-05 18:29:00', 22, 1, 1),
	(278, '2016-07-13 09:09:35', 5, NULL, NULL, NULL, 5, 3, '2016-07-05 18:23:00', '2016-07-05 18:29:00', 21, 1, 1),
	(279, '2016-07-13 09:09:35', 5, NULL, NULL, NULL, 5, 3, '2016-07-05 18:23:00', '2016-07-05 18:29:00', 20, 1, 1),
	(280, '2016-07-13 09:09:35', 5, NULL, NULL, NULL, 5, 3, '2016-07-05 18:23:00', '2016-07-05 18:29:00', 19, 1, 1),
	(281, '2016-07-13 09:09:35', 5, NULL, NULL, NULL, 5, 3, '2016-07-05 18:23:00', '2016-07-05 18:29:00', 18, 1, 1),
	(282, '2016-07-13 09:09:35', 5, NULL, NULL, NULL, 5, 3, '2016-07-05 18:23:00', '2016-07-05 18:29:00', 17, 1, 1),
	(283, '2016-07-13 09:09:35', 5, NULL, NULL, NULL, 5, 3, '2016-07-05 18:23:00', '2016-07-05 18:29:00', 16, 1, 1),
	(284, '2016-07-13 09:09:35', 5, NULL, NULL, NULL, 5, 3, '2016-07-05 18:23:00', '2016-07-05 18:29:00', 15, 1, 1),
	(285, '2016-07-13 09:09:35', 5, NULL, NULL, NULL, 5, 3, '2016-07-05 18:23:00', '2016-07-05 18:29:00', 14, 1, 1),
	(286, '2016-07-13 09:09:35', 5, NULL, NULL, NULL, 5, 3, '2016-07-05 18:23:00', '2016-07-05 18:29:00', 13, 1, 1),
	(287, '2016-07-13 09:09:35', 5, NULL, NULL, NULL, 5, 3, '2016-07-05 18:23:00', '2016-07-05 18:29:00', 12, 1, 1),
	(288, '2016-07-13 09:09:35', 5, NULL, NULL, NULL, 5, 3, '2016-07-05 18:23:00', '2016-07-05 18:29:00', 11, 1, 1),
	(289, '2016-07-13 09:09:35', 5, NULL, NULL, NULL, 5, 3, '2016-07-05 18:23:00', '2016-07-05 18:29:00', 10, 1, 1),
	(290, '2016-07-13 09:09:35', 5, NULL, NULL, NULL, 5, 3, '2016-07-05 18:23:00', '2016-07-05 18:29:00', 9, 1, 1),
	(291, '2016-07-13 09:09:35', 5, NULL, NULL, NULL, 5, 3, '2016-07-05 18:23:00', '2016-07-05 18:29:00', 8, 1, 1),
	(292, '2016-07-13 09:09:35', 5, NULL, NULL, NULL, 5, 1, NULL, NULL, 7, 1, 1),
	(293, '2016-07-13 09:09:35', 5, NULL, NULL, NULL, 5, 1, NULL, NULL, 5, 1, 1),
	(294, '2016-07-13 09:09:35', 5, NULL, NULL, NULL, 5, 1, NULL, NULL, 4, 1, 1),
	(295, '2016-07-13 09:09:35', 4, '2016-07-13 09:33:53', NULL, NULL, 5, 1, NULL, NULL, 3, 1, 1),
	(296, '2016-07-01 10:24:05', 2, '2016-07-13 08:45:00', 4, NULL, 5, 3, '2016-07-13 18:36:03', '2016-07-13 19:36:05', 2, 1, 2),
	(297, '2016-07-13 09:09:35', 5, NULL, NULL, NULL, 5, 1, NULL, NULL, 1, 1, 1),
	(298, '2016-07-06 01:00:00', 5, NULL, NULL, NULL, 5, 3, '2016-07-05 01:17:18', '2016-07-05 01:27:19', 2, 1, 1),
	(299, '2016-07-01 01:00:00', 5, NULL, NULL, NULL, 5, 3, '2016-07-05 01:17:18', '2016-07-05 01:27:19', 2, 1, 1),
	(300, '2016-07-02 01:00:00', 5, NULL, NULL, NULL, 5, 3, '2016-07-05 01:17:18', '2016-07-05 01:27:19', 2, 1, 1),
	(301, '2016-07-03 01:00:00', 5, NULL, NULL, NULL, 5, 3, '2016-07-05 01:17:18', '2016-07-05 01:27:19', 2, 1, 1),
	(302, '2016-07-07 01:00:00', 5, NULL, NULL, NULL, 5, 3, '2016-07-05 01:17:18', '2016-07-05 01:27:19', 2, 1, 1),
	(303, '2016-07-08 01:00:00', 5, NULL, NULL, NULL, 5, 3, '2016-07-05 01:17:18', '2016-07-05 01:27:19', 2, 1, 1),
	(304, '2016-07-09 01:00:00', 5, NULL, NULL, NULL, 5, 3, '2016-07-05 01:17:18', '2016-07-05 01:27:19', 2, 1, 1),
	(305, '2016-07-10 01:00:00', 5, NULL, NULL, NULL, 5, 3, '2016-07-05 01:17:18', '2016-07-05 01:27:19', 2, 1, 1),
	(306, '2016-07-11 01:00:00', 5, NULL, NULL, NULL, 5, 3, '2016-07-05 01:17:18', '2016-07-05 01:27:19', 2, 1, 1),
	(307, '2016-07-12 01:00:00', 5, NULL, NULL, NULL, 5, 3, '2016-07-05 01:17:18', '2016-07-05 01:27:19', 2, 1, 1),
	(308, '2016-07-19 14:22:58', 5, NULL, NULL, NULL, 5, 1, NULL, NULL, 108, 1, 1),
	(309, '2016-07-19 14:22:58', 5, NULL, NULL, NULL, 5, 1, NULL, NULL, 107, 1, 1),
	(310, '2016-07-19 14:22:58', 5, NULL, NULL, NULL, 5, 1, NULL, NULL, 106, 1, 1),
	(311, '2016-07-19 14:22:58', 5, NULL, NULL, NULL, 5, 1, NULL, NULL, 105, 1, 1),
	(312, '2016-07-19 14:22:58', 5, NULL, NULL, NULL, 5, 1, NULL, NULL, 103, 1, 1),
	(313, '2016-07-19 14:22:58', 5, NULL, NULL, NULL, 5, 1, NULL, NULL, 102, 1, 1),
	(314, '2016-07-19 14:22:58', 5, NULL, NULL, NULL, 5, 1, NULL, NULL, 101, 1, 1),
	(315, '2016-07-19 14:22:58', 5, NULL, NULL, NULL, 5, 1, NULL, NULL, 100, 1, 1),
	(316, '2016-07-19 14:22:58', 5, NULL, NULL, NULL, 5, 1, NULL, NULL, 99, 1, 1),
	(317, '2016-07-19 14:22:58', 5, NULL, NULL, NULL, 5, 1, NULL, NULL, 98, 1, 1),
	(318, '2016-07-19 14:22:58', 5, NULL, NULL, NULL, 5, 1, NULL, NULL, 97, 1, 1),
	(319, '2016-07-19 14:22:58', 5, NULL, NULL, NULL, 5, 1, NULL, NULL, 95, 1, 1),
	(320, '2016-07-19 14:22:58', 5, NULL, NULL, NULL, 5, 1, NULL, NULL, 94, 1, 1),
	(321, '2016-07-19 14:22:58', 5, NULL, NULL, NULL, 5, 1, NULL, NULL, 92, 1, 1),
	(322, '2016-07-19 14:22:58', 5, NULL, NULL, NULL, 5, 1, NULL, NULL, 89, 1, 1),
	(323, '2016-07-19 14:22:58', 5, NULL, NULL, NULL, 5, 1, NULL, NULL, 86, 1, 1),
	(324, '2016-07-19 14:22:58', 5, NULL, NULL, NULL, 5, 1, NULL, NULL, 84, 1, 1),
	(325, '2016-07-19 14:22:58', 5, NULL, NULL, NULL, 5, 1, NULL, NULL, 83, 1, 1),
	(326, '2016-07-19 14:22:58', 5, NULL, NULL, NULL, 5, 1, NULL, NULL, 82, 1, 1),
	(327, '2016-07-19 14:22:58', 5, NULL, NULL, NULL, 5, 1, NULL, NULL, 81, 1, 1),
	(328, '2016-07-19 14:22:58', 5, NULL, NULL, NULL, 5, 1, NULL, NULL, 80, 1, 1),
	(329, '2016-07-19 14:22:58', 5, NULL, NULL, NULL, 5, 1, NULL, NULL, 79, 1, 1),
	(330, '2016-07-19 14:22:58', 5, NULL, NULL, NULL, 5, 1, NULL, NULL, 78, 1, 1),
	(331, '2016-07-19 14:22:58', 5, NULL, NULL, NULL, 5, 1, NULL, NULL, 77, 1, 1),
	(332, '2016-07-19 14:22:58', 5, NULL, NULL, NULL, 5, 1, NULL, NULL, 76, 1, 1),
	(333, '2016-07-19 14:22:58', 5, NULL, NULL, NULL, 5, 1, NULL, NULL, 75, 1, 1),
	(334, '2016-07-19 14:22:58', 5, NULL, NULL, NULL, 5, 1, NULL, NULL, 74, 1, 1),
	(335, '2016-07-19 14:22:58', 5, NULL, NULL, NULL, 5, 1, NULL, NULL, 73, 1, 1),
	(336, '2016-07-19 14:22:58', 5, NULL, NULL, NULL, 5, 1, NULL, NULL, 72, 1, 1),
	(337, '2016-07-19 14:22:58', 5, NULL, NULL, NULL, 5, 1, NULL, NULL, 71, 1, 1),
	(338, '2016-07-19 14:22:58', 5, NULL, NULL, NULL, 5, 1, NULL, NULL, 70, 1, 1),
	(339, '2016-07-19 14:22:58', 5, NULL, NULL, NULL, 5, 1, NULL, NULL, 69, 1, 1),
	(340, '2016-07-19 14:22:58', 5, NULL, NULL, NULL, 5, 1, NULL, NULL, 68, 1, 1),
	(341, '2016-07-19 14:22:58', 5, NULL, NULL, NULL, 5, 1, NULL, NULL, 67, 1, 1),
	(342, '2016-07-19 14:22:58', 5, NULL, NULL, NULL, 5, 1, NULL, NULL, 66, 1, 1),
	(343, '2016-07-19 14:22:58', 5, NULL, NULL, NULL, 5, 1, NULL, NULL, 65, 1, 1),
	(344, '2016-07-19 14:22:58', 5, NULL, NULL, NULL, 5, 1, NULL, NULL, 64, 1, 1),
	(345, '2016-07-19 14:22:58', 5, NULL, NULL, NULL, 5, 1, NULL, NULL, 63, 1, 1),
	(346, '2016-07-19 14:22:58', 5, NULL, NULL, NULL, 5, 1, NULL, NULL, 62, 1, 1),
	(347, '2016-07-19 14:22:58', 5, NULL, NULL, NULL, 5, 1, NULL, NULL, 61, 1, 1),
	(348, '2016-07-19 14:22:58', 5, NULL, NULL, NULL, 5, 1, NULL, NULL, 60, 1, 1),
	(349, '2016-07-19 14:22:58', 5, NULL, NULL, NULL, 5, 1, NULL, NULL, 59, 1, 1),
	(350, '2016-07-19 14:22:58', 5, NULL, NULL, NULL, 5, 1, NULL, NULL, 58, 1, 1),
	(351, '2016-07-19 14:22:58', 5, NULL, NULL, NULL, 5, 1, NULL, NULL, 57, 1, 1),
	(352, '2016-07-19 14:22:58', 5, NULL, NULL, NULL, 5, 1, NULL, NULL, 56, 1, 1),
	(353, '2016-07-19 14:22:58', 5, NULL, NULL, NULL, 5, 1, NULL, NULL, 55, 1, 1),
	(354, '2016-07-19 14:22:58', 5, NULL, NULL, NULL, 5, 1, NULL, NULL, 54, 1, 1),
	(355, '2016-07-19 14:22:58', 5, NULL, NULL, NULL, 5, 1, NULL, NULL, 53, 1, 1),
	(356, '2016-07-19 14:22:58', 5, NULL, NULL, NULL, 5, 1, NULL, NULL, 52, 1, 1),
	(357, '2016-07-19 14:22:58', 5, NULL, NULL, NULL, 5, 1, NULL, NULL, 51, 1, 1),
	(358, '2016-07-19 14:22:58', 5, NULL, NULL, NULL, 5, 1, NULL, NULL, 50, 1, 1),
	(359, '2016-07-19 14:22:58', 5, NULL, NULL, NULL, 5, 1, NULL, NULL, 49, 1, 1),
	(360, '2016-07-19 14:22:58', 5, NULL, NULL, NULL, 5, 1, NULL, NULL, 48, 1, 1),
	(361, '2016-07-19 14:22:58', 5, NULL, NULL, NULL, 5, 1, NULL, NULL, 47, 1, 1),
	(362, '2016-07-19 14:22:58', 5, NULL, NULL, NULL, 5, 1, NULL, NULL, 46, 1, 1),
	(363, '2016-07-19 14:22:58', 5, NULL, NULL, NULL, 5, 1, NULL, NULL, 45, 1, 1),
	(364, '2016-07-19 14:22:58', 5, NULL, NULL, NULL, 5, 1, NULL, NULL, 44, 1, 1),
	(365, '2016-07-19 14:22:58', 5, NULL, NULL, NULL, 5, 1, NULL, NULL, 43, 1, 1),
	(366, '2016-07-19 14:22:58', 5, NULL, NULL, NULL, 5, 1, NULL, NULL, 42, 1, 1),
	(367, '2016-07-19 14:22:58', 5, NULL, NULL, NULL, 5, 1, NULL, NULL, 41, 1, 1),
	(368, '2016-07-19 14:22:58', 5, NULL, NULL, NULL, 5, 1, NULL, NULL, 40, 1, 1),
	(369, '2016-07-19 14:22:58', 5, NULL, NULL, NULL, 5, 1, NULL, NULL, 39, 1, 1),
	(370, '2016-07-19 14:22:58', 5, NULL, NULL, NULL, 5, 1, NULL, NULL, 38, 1, 1),
	(371, '2016-07-19 14:22:58', 5, NULL, NULL, NULL, 5, 1, NULL, NULL, 37, 1, 1),
	(372, '2016-07-19 14:22:58', 5, NULL, NULL, NULL, 5, 1, NULL, NULL, 36, 1, 1),
	(373, '2016-07-19 14:22:58', 5, NULL, NULL, NULL, 5, 1, NULL, NULL, 35, 1, 1),
	(374, '2016-07-19 14:22:58', 5, NULL, NULL, NULL, 5, 1, NULL, NULL, 34, 1, 1),
	(375, '2016-07-19 14:22:58', 5, NULL, NULL, NULL, 5, 1, NULL, NULL, 33, 1, 1),
	(376, '2016-07-19 14:22:58', 5, NULL, NULL, NULL, 5, 1, NULL, NULL, 32, 1, 1),
	(377, '2016-07-19 14:22:58', 5, NULL, NULL, NULL, 5, 1, NULL, NULL, 31, 1, 1),
	(378, '2016-07-19 14:22:58', 5, NULL, NULL, NULL, 5, 1, NULL, NULL, 30, 1, 1),
	(379, '2016-07-19 14:22:58', 5, NULL, NULL, NULL, 5, 1, NULL, NULL, 29, 1, 1),
	(380, '2016-07-19 14:22:58', 5, NULL, NULL, NULL, 5, 1, NULL, NULL, 28, 1, 1),
	(381, '2016-07-19 14:22:58', 5, NULL, NULL, NULL, 5, 1, NULL, NULL, 27, 1, 1),
	(382, '2016-07-19 14:22:58', 5, NULL, NULL, NULL, 5, 1, NULL, NULL, 26, 1, 1),
	(383, '2016-07-19 14:22:58', 5, NULL, NULL, NULL, 5, 1, NULL, NULL, 25, 1, 1),
	(384, '2016-07-19 14:22:58', 5, NULL, NULL, NULL, 5, 1, NULL, NULL, 24, 1, 1),
	(385, '2016-07-19 14:22:58', 5, NULL, NULL, NULL, 5, 1, NULL, NULL, 23, 1, 1),
	(386, '2016-07-19 14:22:58', 5, NULL, NULL, NULL, 5, 1, NULL, NULL, 22, 1, 1),
	(387, '2016-07-19 14:22:58', 5, NULL, NULL, NULL, 5, 1, NULL, NULL, 21, 1, 1),
	(388, '2016-07-19 14:22:58', 5, NULL, NULL, NULL, 5, 1, NULL, NULL, 20, 1, 1),
	(389, '2016-07-19 14:22:58', 5, NULL, NULL, NULL, 5, 1, NULL, NULL, 19, 1, 1),
	(390, '2016-07-19 14:22:58', 5, NULL, NULL, NULL, 5, 1, NULL, NULL, 18, 1, 1),
	(391, '2016-07-19 14:22:58', 5, NULL, NULL, NULL, 5, 1, NULL, NULL, 17, 1, 1),
	(392, '2016-07-19 14:22:58', 5, NULL, NULL, NULL, 5, 1, NULL, NULL, 16, 1, 1),
	(393, '2016-07-19 14:22:58', 5, NULL, NULL, NULL, 5, 1, NULL, NULL, 15, 1, 1),
	(394, '2016-07-19 14:22:58', 5, NULL, NULL, NULL, 5, 1, NULL, NULL, 14, 1, 1),
	(395, '2016-07-19 14:22:58', 5, NULL, NULL, NULL, 5, 1, NULL, NULL, 13, 1, 1),
	(396, '2016-07-19 14:22:58', 5, NULL, NULL, NULL, 5, 1, NULL, NULL, 12, 1, 1),
	(397, '2016-07-19 14:22:58', 5, NULL, NULL, NULL, 5, 1, NULL, NULL, 11, 1, 1),
	(398, '2016-07-19 14:22:58', 5, NULL, NULL, NULL, 5, 1, NULL, NULL, 10, 1, 1),
	(399, '2016-07-19 14:22:58', 5, NULL, NULL, NULL, 5, 1, NULL, NULL, 9, 1, 1),
	(400, '2016-07-19 14:22:58', 5, NULL, NULL, NULL, 5, 1, NULL, NULL, 8, 1, 1),
	(401, '2016-07-19 14:22:58', 5, NULL, NULL, NULL, 5, 1, NULL, NULL, 7, 1, 1),
	(402, '2016-07-19 14:22:58', 5, NULL, NULL, NULL, 5, 1, NULL, NULL, 5, 1, 1),
	(403, '2016-07-19 14:22:58', 5, NULL, NULL, NULL, 5, 1, NULL, NULL, 4, 1, 1),
	(404, '2016-07-19 14:22:58', 5, NULL, NULL, NULL, 5, 1, NULL, NULL, 3, 1, 1),
	(405, '2016-07-19 14:22:58', 5, NULL, NULL, NULL, 5, 1, NULL, NULL, 2, 1, 1),
	(406, '2016-07-19 14:22:58', 5, NULL, NULL, NULL, 5, 1, NULL, NULL, 1, 1, 1);
/*!40000 ALTER TABLE `attend` ENABLE KEYS */;


# Dumping structure for table attend.attention
DROP TABLE IF EXISTS `attention`;
CREATE TABLE IF NOT EXISTS `attention` (
  `id` int(11) NOT NULL AUTO_INCREMENT COMMENT 'ID',
  `userId` int(11) NOT NULL COMMENT '用户id',
  `leaderId` int(11) NOT NULL COMMENT '领导id',
  `summaryNewest` int(1) NOT NULL DEFAULT '2' COMMENT '总结是否是最新动态，1：有、2：无',
  `workPlanNewest` int(1) NOT NULL DEFAULT '2' COMMENT '计划是否是最新动态，1：有、2：无',
  `createdDate` timestamp NOT NULL DEFAULT CURRENT_TIMESTAMP COMMENT '创建时间',
  PRIMARY KEY (`id`),
  KEY `userId` (`userId`),
  KEY `leaderId` (`leaderId`),
  CONSTRAINT `FK_attention_user` FOREIGN KEY (`userId`) REFERENCES `user` (`id`) ON DELETE CASCADE,
  CONSTRAINT `FK_attention_user_2` FOREIGN KEY (`leaderId`) REFERENCES `user` (`id`) ON DELETE CASCADE
) ENGINE=InnoDB DEFAULT CHARSET=utf8 COMMENT='关注某个人';

# Dumping data for table attend.attention: ~0 rows (approximately)
DELETE FROM `attention`;
/*!40000 ALTER TABLE `attention` DISABLE KEYS */;
/*!40000 ALTER TABLE `attention` ENABLE KEYS */;


# Dumping structure for table attend.checkercheckgroup
DROP TABLE IF EXISTS `checkercheckgroup`;
CREATE TABLE IF NOT EXISTS `checkercheckgroup` (
  `id` int(11) NOT NULL AUTO_INCREMENT,
  `checkerId` int(11) NOT NULL COMMENT '审核人id',
  `checkGroupId` int(11) NOT NULL COMMENT '审核组id',
  PRIMARY KEY (`id`),
  KEY `checkerId` (`checkerId`),
  KEY `checkGroupId` (`checkGroupId`),
  CONSTRAINT `FK__checkgroup` FOREIGN KEY (`checkGroupId`) REFERENCES `checkgroup` (`id`) ON DELETE CASCADE,
  CONSTRAINT `FK__user` FOREIGN KEY (`checkerId`) REFERENCES `user` (`id`) ON DELETE CASCADE
) ENGINE=InnoDB DEFAULT CHARSET=utf8 COMMENT='审核人、审核组关系表';

# Dumping data for table attend.checkercheckgroup: ~0 rows (approximately)
DELETE FROM `checkercheckgroup`;
/*!40000 ALTER TABLE `checkercheckgroup` DISABLE KEYS */;
/*!40000 ALTER TABLE `checkercheckgroup` ENABLE KEYS */;


# Dumping structure for table attend.checkgroup
DROP TABLE IF EXISTS `checkgroup`;
CREATE TABLE IF NOT EXISTS `checkgroup` (
  `id` int(11) NOT NULL AUTO_INCREMENT COMMENT 'ID',
  `name` varchar(50) NOT NULL COMMENT '审核组名称',
  `creatorId` int(11) DEFAULT NULL COMMENT '创建者id',
  `createdDate` timestamp NULL DEFAULT CURRENT_TIMESTAMP COMMENT '创建时间',
  `description` varchar(200) DEFAULT '' COMMENT '审核组描述',
  PRIMARY KEY (`id`),
  KEY `creatorId` (`creatorId`),
  CONSTRAINT `FK_checkgroup_user` FOREIGN KEY (`creatorId`) REFERENCES `user` (`id`) ON DELETE CASCADE
) ENGINE=InnoDB DEFAULT CHARSET=utf8 COMMENT='审核组';

# Dumping data for table attend.checkgroup: ~0 rows (approximately)
DELETE FROM `checkgroup`;
/*!40000 ALTER TABLE `checkgroup` DISABLE KEYS */;
/*!40000 ALTER TABLE `checkgroup` ENABLE KEYS */;


# Dumping structure for function attend.getChildList
DROP FUNCTION IF EXISTS `getChildList`;
DELIMITER //
CREATE DEFINER=`root`@`localhost` FUNCTION `getChildList`(`rootId` INT) RETURNS varchar(100) CHARSET utf8
    COMMENT '获取所有子部门'
BEGIN 
DECLARE sChildList VARCHAR(1000); 
DECLARE sChildTemp VARCHAR(1000); 
SET sChildTemp =cast(rootId as CHAR); 
WHILE sChildTemp is not null DO 
IF (sChildList is not null) THEN 
SET sChildList = concat(sChildList,',',sChildTemp); 
ELSE 
SET sChildList = concat(sChildTemp); 
END IF; 
SELECT group_concat(id) INTO sChildTemp FROM org where FIND_IN_SET(parentId,sChildTemp)>0; 
END WHILE; 
RETURN sChildList; 
END//
DELIMITER ;


# Dumping structure for table attend.gradetype
DROP TABLE IF EXISTS `gradetype`;
CREATE TABLE IF NOT EXISTS `gradetype` (
  `id` int(11) NOT NULL AUTO_INCREMENT COMMENT 'ID',
  `name` varchar(10) NOT NULL COMMENT '评分等级名称',
  PRIMARY KEY (`id`)
) ENGINE=InnoDB DEFAULT CHARSET=utf8 COMMENT='评分等级表';

# Dumping data for table attend.gradetype: ~0 rows (approximately)
DELETE FROM `gradetype`;
/*!40000 ALTER TABLE `gradetype` DISABLE KEYS */;
/*!40000 ALTER TABLE `gradetype` ENABLE KEYS */;


# Dumping structure for table attend.holiday
DROP TABLE IF EXISTS `holiday`;
CREATE TABLE IF NOT EXISTS `holiday` (
  `id` int(11) NOT NULL AUTO_INCREMENT COMMENT 'ID',
  `title` varchar(50) DEFAULT NULL COMMENT '节假日标题',
  `startTime` timestamp NULL DEFAULT NULL COMMENT '节假日开始时间',
  `endTime` timestamp NULL DEFAULT NULL COMMENT '节假日结束时间',
  PRIMARY KEY (`id`)
) ENGINE=InnoDB AUTO_INCREMENT=4 DEFAULT CHARSET=utf8 COMMENT='节假日表';

# Dumping data for table attend.holiday: ~3 rows (approximately)
DELETE FROM `holiday`;
/*!40000 ALTER TABLE `holiday` DISABLE KEYS */;
INSERT INTO `holiday` (`id`, `title`, `startTime`, `endTime`) VALUES
	(1, '端午节', '2016-06-09 02:22:35', '2016-06-09 02:22:35'),
	(2, '中秋节', '2016-09-15 02:23:13', '2016-09-15 02:23:13'),
	(3, '国庆节', '2016-10-01 00:00:00', '2016-10-08 00:00:00');
/*!40000 ALTER TABLE `holiday` ENABLE KEYS */;


# Dumping structure for table attend.leadergrade
DROP TABLE IF EXISTS `leadergrade`;
CREATE TABLE IF NOT EXISTS `leadergrade` (
  `id` int(11) NOT NULL AUTO_INCREMENT COMMENT 'ID',
  `description` varchar(300) DEFAULT '' COMMENT '评级描述',
  `userId` int(11) NOT NULL COMMENT '用户id',
  `leaderId` int(11) NOT NULL COMMENT '领导id',
  `status` int(1) NOT NULL COMMENT '评级状态：1：周评级、2：月评级、3：季度评级、4：年评级',
  `gradeTypeId` int(11) NOT NULL COMMENT '评论等级，如（优秀，良好，称职，基本称职，差）',
  `startTime` timestamp NULL DEFAULT NULL COMMENT '评级开始时间',
  `endTime` timestamp NULL DEFAULT NULL COMMENT '评级结束时间',
  `createdDate` timestamp NULL DEFAULT CURRENT_TIMESTAMP COMMENT '创建时间',
  PRIMARY KEY (`id`),
  KEY `userId` (`userId`),
  KEY `leaderId` (`leaderId`),
  KEY `gradeTypeId` (`gradeTypeId`),
  CONSTRAINT `FK_leadergrade_gradetype` FOREIGN KEY (`gradeTypeId`) REFERENCES `gradetype` (`id`) ON DELETE CASCADE,
  CONSTRAINT `FK_leadergrade_user` FOREIGN KEY (`userId`) REFERENCES `user` (`id`) ON DELETE CASCADE,
  CONSTRAINT `FK_leadergrade_user_2` FOREIGN KEY (`leaderId`) REFERENCES `user` (`id`) ON DELETE CASCADE
) ENGINE=InnoDB DEFAULT CHARSET=utf8 COMMENT='领导对某人的评级表()';

# Dumping data for table attend.leadergrade: ~0 rows (approximately)
DELETE FROM `leadergrade`;
/*!40000 ALTER TABLE `leadergrade` DISABLE KEYS */;
/*!40000 ALTER TABLE `leadergrade` ENABLE KEYS */;


# Dumping structure for table attend.notice
DROP TABLE IF EXISTS `notice`;
CREATE TABLE IF NOT EXISTS `notice` (
  `id` int(11) NOT NULL AUTO_INCREMENT COMMENT 'ID',
  `title` varchar(200) NOT NULL COMMENT '标题',
  `url` varchar(200) DEFAULT '' COMMENT '放上传文件的路径',
  `topDate` timestamp NULL DEFAULT NULL COMMENT '置顶时间（置顶就修改它，查询按它排序）',
  `userId` int(11) NOT NULL COMMENT '用户id（外键）',
  `createdDate` timestamp NULL DEFAULT CURRENT_TIMESTAMP COMMENT '创建时间',
  `effectiveDate` timestamp NULL DEFAULT NULL COMMENT '生效时间，用在那个时候显示（比如：我想在后天显示）',
  `foreverFlag` int(1) DEFAULT '1' COMMENT '永远不过期,1：过期， 2：永不过期',
  `expirationDate` timestamp NULL DEFAULT NULL COMMENT '公告的过期时间',
  PRIMARY KEY (`id`),
  KEY `userId` (`userId`),
  CONSTRAINT `FK_notice_user` FOREIGN KEY (`userId`) REFERENCES `user` (`id`) ON DELETE CASCADE
) ENGINE=InnoDB DEFAULT CHARSET=utf8;

# Dumping data for table attend.notice: ~0 rows (approximately)
DELETE FROM `notice`;
/*!40000 ALTER TABLE `notice` DISABLE KEYS */;
/*!40000 ALTER TABLE `notice` ENABLE KEYS */;


# Dumping structure for table attend.org
DROP TABLE IF EXISTS `org`;
CREATE TABLE IF NOT EXISTS `org` (
  `id` int(11) NOT NULL AUTO_INCREMENT COMMENT 'ID',
  `name` varchar(100) NOT NULL COMMENT '不能名称',
  `description` varchar(200) DEFAULT NULL COMMENT '部门标书',
  `parentId` int(11) NOT NULL COMMENT '父部门名称',
  PRIMARY KEY (`id`)
) ENGINE=InnoDB AUTO_INCREMENT=24 DEFAULT CHARSET=utf8 COMMENT='部门表';

# Dumping data for table attend.org: ~19 rows (approximately)
DELETE FROM `org`;
/*!40000 ALTER TABLE `org` DISABLE KEYS */;
INSERT INTO `org` (`id`, `name`, `description`, `parentId`) VALUES
	(1, '总部', '总部', 0),
	(2, '办公室', '', 1),
	(3, '政研室', '', 1),
	(4, '财务科', '', 1),
	(5, '信息网络科', '', 1),
	(6, '城乡就业统筹科', '', 1),
	(7, '重点产业人力资源保障办公室', '', 1),
	(8, '市场科', '', 1),
	(9, '职业介绍服务中心', '', 1),
	(10, '创业指导科', '', 1),
	(11, '培训科', '', 1),
	(12, '失业保险科', '', 1),
	(13, '资金监督科', '', 1),
	(14, '人事科', '', 1),
	(15, '党办', '', 1),
	(16, '纪检监察科', '', 1),
	(17, '工  会', '', 1),
	(19, 'fdas33', 'fdasf', 1),
	(23, '444fasd', '55555555555', 1);
/*!40000 ALTER TABLE `org` ENABLE KEYS */;


# Dumping structure for table attend.pcautooff
DROP TABLE IF EXISTS `pcautooff`;
CREATE TABLE IF NOT EXISTS `pcautooff` (
  `id` int(11) NOT NULL AUTO_INCREMENT COMMENT 'ID',
  `offTime` timestamp NOT NULL DEFAULT CURRENT_TIMESTAMP ON UPDATE CURRENT_TIMESTAMP COMMENT '异常（自动）关机时间',
  `offStatus` int(1) NOT NULL COMMENT '异常（自动）关机状态，1：下班异常关机，2：加班异常关机',
  `reason` varchar(200) DEFAULT '' COMMENT '异常（自动）关机原因',
  `checkerId` int(11) DEFAULT NULL COMMENT '异常（自动）关机处理人id（用户id）',
  `checkTime` timestamp NULL DEFAULT NULL COMMENT '异常（自动）关机处理人时间',
  `checkStatus` int(1) DEFAULT NULL COMMENT '异常（自动）关机处理状态',
  `attendId` int(11) DEFAULT NULL COMMENT '考勤attendId',
  PRIMARY KEY (`id`)
) ENGINE=InnoDB DEFAULT CHARSET=utf8 ROW_FORMAT=COMPACT COMMENT='电脑异常关机（自动关机，不是认为去点的）';

# Dumping data for table attend.pcautooff: ~0 rows (approximately)
DELETE FROM `pcautooff`;
/*!40000 ALTER TABLE `pcautooff` DISABLE KEYS */;
/*!40000 ALTER TABLE `pcautooff` ENABLE KEYS */;


# Dumping structure for table attend.pcfreelog
DROP TABLE IF EXISTS `pcfreelog`;
CREATE TABLE IF NOT EXISTS `pcfreelog` (
  `id` int(11) NOT NULL AUTO_INCREMENT COMMENT 'ID',
  `startFreeTime` timestamp NULL DEFAULT NULL COMMENT '空闲开始时间',
  `endFreeTime` timestamp NULL DEFAULT NULL COMMENT '空闲结束时间',
  `attendId` int(11) DEFAULT NULL COMMENT '考勤id',
  PRIMARY KEY (`id`)
) ENGINE=InnoDB DEFAULT CHARSET=utf8 ROW_FORMAT=COMPACT COMMENT='电脑空闲时间（指电脑一直不操作）';

# Dumping data for table attend.pcfreelog: ~0 rows (approximately)
DELETE FROM `pcfreelog`;
/*!40000 ALTER TABLE `pcfreelog` DISABLE KEYS */;
/*!40000 ALTER TABLE `pcfreelog` ENABLE KEYS */;


# Dumping structure for table attend.pconoff
DROP TABLE IF EXISTS `pconoff`;
CREATE TABLE IF NOT EXISTS `pconoff` (
  `id` int(11) NOT NULL AUTO_INCREMENT COMMENT 'ID',
  `pcStatus` int(1) NOT NULL COMMENT '电脑开机或关机，1：开机，2：关机',
  `pcTime` timestamp NOT NULL DEFAULT CURRENT_TIMESTAMP COMMENT '电脑开机或关机时间',
  `reason` varchar(200) DEFAULT NULL COMMENT '开关机原因',
  `attendId` int(11) NOT NULL COMMENT '考勤id',
  PRIMARY KEY (`id`)
) ENGINE=InnoDB AUTO_INCREMENT=6 DEFAULT CHARSET=utf8 ROW_FORMAT=COMPACT COMMENT='电脑开关机表';

# Dumping data for table attend.pconoff: ~5 rows (approximately)
DELETE FROM `pconoff`;
/*!40000 ALTER TABLE `pconoff` DISABLE KEYS */;
INSERT INTO `pconoff` (`id`, `pcStatus`, `pcTime`, `reason`, `attendId`) VALUES
	(1, 1, '2016-07-13 09:30:31', '登录', 296),
	(2, 2, '2016-07-13 09:33:00', '退出', 296),
	(3, 1, '2016-07-13 09:33:53', '登录', 295),
	(4, 2, '2016-07-13 09:46:29', '退出', 295),
	(5, 1, '2016-07-13 09:47:04', '登录', 296);
/*!40000 ALTER TABLE `pconoff` ENABLE KEYS */;


# Dumping structure for table attend.role
DROP TABLE IF EXISTS `role`;
CREATE TABLE IF NOT EXISTS `role` (
  `id` int(11) NOT NULL AUTO_INCREMENT COMMENT 'ID',
  `name` varchar(50) NOT NULL COMMENT '角色名称',
  `level` int(1) DEFAULT NULL COMMENT '角色等级',
  `delayTime` int(2) NOT NULL COMMENT '申请延迟时间，单位天，如1天、2天等',
  PRIMARY KEY (`id`)
) ENGINE=InnoDB AUTO_INCREMENT=5 DEFAULT CHARSET=utf8 COMMENT='角色表:员工、中层干部、分局领导、主要领导';

# Dumping data for table attend.role: ~4 rows (approximately)
DELETE FROM `role`;
/*!40000 ALTER TABLE `role` DISABLE KEYS */;
INSERT INTO `role` (`id`, `name`, `level`, `delayTime`) VALUES
	(1, '主要领导', 1, 7),
	(2, '分管领导', 2, 7),
	(3, '科长', 3, 7),
	(4, '科员', 4, 3);
/*!40000 ALTER TABLE `role` ENABLE KEYS */;


# Dumping structure for table attend.summary
DROP TABLE IF EXISTS `summary`;
CREATE TABLE IF NOT EXISTS `summary` (
  `id` int(11) NOT NULL AUTO_INCREMENT COMMENT 'ID',
  `title` varchar(200) NOT NULL COMMENT '标题',
  `userId` int(11) NOT NULL COMMENT '创建者id',
  `type` int(1) NOT NULL COMMENT '总结类型，1：个人总结、2：部门总结',
  `description` text NOT NULL COMMENT '文件总结内容',
  `status` int(1) NOT NULL COMMENT '总结状态，1：周总结、2：月总结、3：季度总结、4：年总结',
  `startTime` timestamp NULL DEFAULT NULL COMMENT '总结开始时间',
  `endTime` timestamp NULL DEFAULT NULL COMMENT '总结结束时间',
  `createdDate` timestamp NULL DEFAULT CURRENT_TIMESTAMP COMMENT '创建时间',
  PRIMARY KEY (`id`),
  KEY `userId` (`userId`),
  CONSTRAINT `FK_summary_user` FOREIGN KEY (`userId`) REFERENCES `user` (`id`) ON DELETE CASCADE
) ENGINE=InnoDB DEFAULT CHARSET=utf8 COMMENT='工作上的总结';

# Dumping data for table attend.summary: ~0 rows (approximately)
DELETE FROM `summary`;
/*!40000 ALTER TABLE `summary` DISABLE KEYS */;
/*!40000 ALTER TABLE `summary` ENABLE KEYS */;


# Dumping structure for table attend.thumbsup
DROP TABLE IF EXISTS `thumbsup`;
CREATE TABLE IF NOT EXISTS `thumbsup` (
  `id` int(11) NOT NULL AUTO_INCREMENT COMMENT 'ID',
  `description` varchar(300) DEFAULT '' COMMENT '描述点赞',
  `userId` int(11) NOT NULL COMMENT '用户id',
  `leaderId` int(11) NOT NULL COMMENT '领导id',
  `selfSeeFlag` int(1) DEFAULT '2' COMMENT '自己看没，1：看了，2没看',
  `summaryId` int(11) DEFAULT NULL COMMENT '总结文件id',
  `workPlanId` int(11) DEFAULT NULL COMMENT '工作计划id',
  `createdDate` timestamp NOT NULL DEFAULT CURRENT_TIMESTAMP COMMENT '创建时间',
  PRIMARY KEY (`id`),
  KEY `userId` (`userId`),
  KEY `leaderId` (`leaderId`),
  KEY `summaryId` (`summaryId`),
  KEY `workPlanId` (`workPlanId`),
  CONSTRAINT `FK_thumbsup_summary` FOREIGN KEY (`summaryId`) REFERENCES `summary` (`id`) ON DELETE CASCADE,
  CONSTRAINT `FK_thumbsup_user` FOREIGN KEY (`userId`) REFERENCES `user` (`id`) ON DELETE CASCADE,
  CONSTRAINT `FK_thumbsup_user_2` FOREIGN KEY (`leaderId`) REFERENCES `user` (`id`) ON DELETE CASCADE,
  CONSTRAINT `FK_thumbsup_workplan` FOREIGN KEY (`workPlanId`) REFERENCES `workplan` (`id`) ON DELETE CASCADE
) ENGINE=InnoDB DEFAULT CHARSET=utf8 COMMENT='领导浏览过的工作总结和工作任务完成情况';

# Dumping data for table attend.thumbsup: ~0 rows (approximately)
DELETE FROM `thumbsup`;
/*!40000 ALTER TABLE `thumbsup` DISABLE KEYS */;
/*!40000 ALTER TABLE `thumbsup` ENABLE KEYS */;


# Dumping structure for table attend.user
DROP TABLE IF EXISTS `user`;
CREATE TABLE IF NOT EXISTS `user` (
  `id` int(11) NOT NULL AUTO_INCREMENT COMMENT 'ID',
  `name` varchar(50) NOT NULL COMMENT '员工名称',
  `sex` int(1) NOT NULL COMMENT '用户性别，1：男， 2： 女',
  `alias` varchar(50) NOT NULL COMMENT '别名,用户用来登陆的名称',
  `password` varchar(100) NOT NULL COMMENT '员工密码',
  `photo` varchar(100) DEFAULT '' COMMENT '用户照片',
  `mac` varchar(20) DEFAULT '00.00.00.00.00.00' COMMENT '客户端MAC地址，默认：00.00.00.00.00.00',
  `roleId` int(11) NOT NULL COMMENT '角色id',
  `orgId` int(11) NOT NULL COMMENT '部门id',
  `createdDate` timestamp NULL DEFAULT CURRENT_TIMESTAMP COMMENT '创建时间',
  `token` varchar(64) DEFAULT '' COMMENT '令牌，默认为空，用户每次登陆重新生成',
  PRIMARY KEY (`id`),
  UNIQUE KEY `alias` (`alias`),
  KEY `roleId` (`roleId`),
  KEY `orgId` (`orgId`),
  CONSTRAINT `FK_user_org` FOREIGN KEY (`orgId`) REFERENCES `org` (`id`),
  CONSTRAINT `FK_user_role` FOREIGN KEY (`roleId`) REFERENCES `role` (`id`)
) ENGINE=InnoDB AUTO_INCREMENT=109 DEFAULT CHARSET=utf8 COMMENT='员工表';

# Dumping data for table attend.user: ~99 rows (approximately)
DELETE FROM `user`;
/*!40000 ALTER TABLE `user` DISABLE KEYS */;
INSERT INTO `user` (`id`, `name`, `sex`, `alias`, `password`, `photo`, `mac`, `roleId`, `orgId`, `createdDate`, `token`) VALUES
	(1, '1', 1, '1', '25d55ad283aa400af464c76d713c07ad', '', NULL, 1, 1, '2016-06-02 19:27:52', '224f5d38-dbea-4283-a06f-a8e87e2bbf52'),
	(2, '2', 1, '2', 'e10adc3949ba59abbe56e057f20f883e', '', '0C-82-68-47-AA-A4', 1, 1, '2016-06-08 02:20:32', '59346141-c443-44dc-be30-0de4dae823b0'),
	(3, '3', 2, '3', 'e10adc3949ba59abbe56e057f20f883e', '', '0C-82-68-47-AA-A4', 1, 1, '2016-06-08 02:20:32', '3f9db8bb-a6a2-4d33-b717-e8c9fee70da5'),
	(4, '4', 1, '4', 'e10adc3949ba59abbe56e057f20f883e', '', '00.00.00.00.00.00', 1, 1, '2016-06-08 02:20:32', ''),
	(5, '5', 1, '5', 'e10adc3949ba59abbe56e057f20f883e', '', '00.00.00.00.00.00', 1, 1, '2016-06-08 02:20:32', ''),
	(7, '7', 1, '7', '', NULL, '00.00.00.00.00.00', 2, 1, '2016-06-08 02:20:32', ''),
	(8, '8', 1, '8', 'e10adc3949ba59abbe56e057f20f883e', '', '00.00.00.00.00.00', 1, 2, '2016-06-08 02:20:32', ''),
	(9, '9', 2, '9', 'e10adc3949ba59abbe56e057f20f883e', '', '00.00.00.00.00.00', 1, 2, '2016-06-08 02:20:32', ''),
	(10, '10', 1, '10', 'e10adc3949ba59abbe56e057f20f883e', '', '00.00.00.00.00.00', 1, 2, '2016-06-08 02:20:32', ''),
	(11, '11', 2, '11', 'e10adc3949ba59abbe56e057f20f883e', '', '00.00.00.00.00.00', 1, 2, '2016-06-08 02:20:32', ''),
	(12, '12', 2, '12', 'e10adc3949ba59abbe56e057f20f883e', '', '00.00.00.00.00.00', 1, 2, '2016-06-08 02:20:32', ''),
	(13, '13', 2, '13', 'e10adc3949ba59abbe56e057f20f883e', '', '00.00.00.00.00.00', 1, 2, '2016-06-08 02:20:32', ''),
	(14, '14', 1, '14', 'e10adc3949ba59abbe56e057f20f883e', '', '00.00.00.00.00.00', 1, 2, '2016-06-08 02:20:32', ''),
	(15, '15', 1, '15', 'e10adc3949ba59abbe56e057f20f883e', '', '00.00.00.00.00.00', 1, 2, '2016-06-08 02:20:32', ''),
	(16, '16', 1, '16', 'e10adc3949ba59abbe56e057f20f883e', '', '00.00.00.00.00.00', 1, 2, '2016-06-08 02:20:32', ''),
	(17, '17', 1, '17', 'e10adc3949ba59abbe56e057f20f883e', '', '00.00.00.00.00.00', 1, 2, '2016-06-08 02:20:32', ''),
	(18, '18', 2, '18', 'e10adc3949ba59abbe56e057f20f883e', '', '00.00.00.00.00.00', 1, 2, '2016-06-08 02:20:32', ''),
	(19, '19', 1, '19', 'e10adc3949ba59abbe56e057f20f883e', '', '00.00.00.00.00.00', 1, 2, '2016-06-08 02:20:32', ''),
	(20, '20', 2, '20', 'e10adc3949ba59abbe56e057f20f883e', '', '00.00.00.00.00.00', 1, 2, '2016-06-08 02:20:32', ''),
	(21, '21', 1, '21', 'e10adc3949ba59abbe56e057f20f883e', '', '00.00.00.00.00.00', 1, 2, '2016-06-08 02:20:32', ''),
	(22, '22', 1, '22', 'e10adc3949ba59abbe56e057f20f883e', NULL, '00.00.00.00.00.00', 1, 2, '2016-06-08 02:20:32', ''),
	(23, '23', 2, '23', 'e10adc3949ba59abbe56e057f20f883e', '', '00.00.00.00.00.00', 1, 3, '2016-06-08 02:20:32', ''),
	(24, '24', 1, '24', 'e10adc3949ba59abbe56e057f20f883e', '', '00.00.00.00.00.00', 1, 3, '2016-06-08 02:20:32', ''),
	(25, '25', 1, '25', 'e10adc3949ba59abbe56e057f20f883e', '', '00.00.00.00.00.00', 1, 3, '2016-06-08 02:20:32', ''),
	(26, '26', 2, '26', 'e10adc3949ba59abbe56e057f20f883e', '', '00.00.00.00.00.00', 1, 3, '2016-06-08 02:20:32', ''),
	(27, '27', 1, '27', 'e10adc3949ba59abbe56e057f20f883e', NULL, '00.00.00.00.00.00', 1, 4, '2016-06-08 02:20:32', ''),
	(28, '28', 2, '28', 'e10adc3949ba59abbe56e057f20f883e', '', '00.00.00.00.00.00', 1, 4, '2016-06-08 02:20:32', ''),
	(29, '29', 1, '29', 'e10adc3949ba59abbe56e057f20f883e', NULL, '00.00.00.00.00.00', 1, 4, '2016-06-08 02:20:32', ''),
	(30, '30', 1, '30', 'e10adc3949ba59abbe56e057f20f883e', '', '00.00.00.00.00.00', 1, 4, '2016-06-08 02:20:32', ''),
	(31, '31', 1, '31', 'e10adc3949ba59abbe56e057f20f883e', '', '00.00.00.00.00.00', 1, 5, '2016-06-08 02:20:32', ''),
	(32, '32', 2, '32', 'e10adc3949ba59abbe56e057f20f883e', '', '00.00.00.00.00.00', 1, 5, '2016-06-08 02:20:32', ''),
	(33, '33', 2, '33', 'e10adc3949ba59abbe56e057f20f883e', '', '00.00.00.00.00.00', 1, 5, '2016-06-08 02:20:32', ''),
	(34, '34', 1, '34', 'e10adc3949ba59abbe56e057f20f883e', '', '00.00.00.00.00.00', 1, 5, '2016-06-08 02:20:32', ''),
	(35, '35', 1, '35', 'e10adc3949ba59abbe56e057f20f883e', '', '00.00.00.00.00.00', 1, 5, '2016-06-08 02:20:32', ''),
	(36, '36', 1, '36', 'e10adc3949ba59abbe56e057f20f883e', '', '00.00.00.00.00.00', 1, 6, '2016-06-08 02:20:32', ''),
	(37, '37', 1, '37', 'e10adc3949ba59abbe56e057f20f883e', '', '00.00.00.00.00.00', 1, 6, '2016-06-08 02:20:32', ''),
	(38, '38', 1, '38', 'e10adc3949ba59abbe56e057f20f883e', '', '00.00.00.00.00.00', 1, 6, '2016-06-08 02:20:32', ''),
	(39, '39', 2, '39', 'e10adc3949ba59abbe56e057f20f883e', '', '00.00.00.00.00.00', 1, 6, '2016-06-08 02:20:32', ''),
	(40, '40', 1, '40', 'e10adc3949ba59abbe56e057f20f883e', '', '00.00.00.00.00.00', 1, 6, '2016-06-08 02:20:32', ''),
	(41, '41', 1, '41', 'e10adc3949ba59abbe56e057f20f883e', '', '00.00.00.00.00.00', 1, 6, '2016-06-08 02:20:32', ''),
	(42, '42', 2, '42', 'e10adc3949ba59abbe56e057f20f883e', '', '00.00.00.00.00.00', 1, 6, '2016-06-08 02:20:32', ''),
	(43, '43', 1, '43', 'e10adc3949ba59abbe56e057f20f883e', NULL, '00.00.00.00.00.00', 1, 7, '2016-06-08 02:20:32', ''),
	(44, '44', 1, '44', 'e10adc3949ba59abbe56e057f20f883e', '', '00.00.00.00.00.00', 1, 7, '2016-06-08 02:20:32', ''),
	(45, '45', 1, '45', 'e10adc3949ba59abbe56e057f20f883e', '', '00.00.00.00.00.00', 1, 8, '2016-06-08 02:20:32', ''),
	(46, '46', 1, '46', 'e10adc3949ba59abbe56e057f20f883e', '', '00.00.00.00.00.00', 1, 8, '2016-06-08 02:20:32', ''),
	(47, '47', 1, '47', 'e10adc3949ba59abbe56e057f20f883e', '', '00.00.00.00.00.00', 1, 8, '2016-06-08 02:20:32', ''),
	(48, '48', 1, '48', 'e10adc3949ba59abbe56e057f20f883e', '', '00.00.00.00.00.00', 1, 9, '2016-06-08 02:20:32', ''),
	(49, '49', 1, '49', 'e10adc3949ba59abbe56e057f20f883e', '', '00.00.00.00.00.00', 1, 9, '2016-06-08 02:20:32', ''),
	(50, '50', 1, '50', 'e10adc3949ba59abbe56e057f20f883e', '', '00.00.00.00.00.00', 1, 9, '2016-06-08 02:20:32', ''),
	(51, '51', 2, '51', 'e10adc3949ba59abbe56e057f20f883e', '', '00.00.00.00.00.00', 1, 9, '2016-06-08 02:20:32', ''),
	(52, '52', 2, '52', 'e10adc3949ba59abbe56e057f20f883e', '', '00.00.00.00.00.00', 1, 9, '2016-06-08 02:20:32', ''),
	(53, '53', 2, '53', 'e10adc3949ba59abbe56e057f20f883e', '', '00.00.00.00.00.00', 1, 10, '2016-06-08 02:20:32', ''),
	(54, '54', 1, '54', 'e10adc3949ba59abbe56e057f20f883e', '', '00.00.00.00.00.00', 1, 10, '2016-06-08 02:20:32', ''),
	(55, '55', 2, '55', 'e10adc3949ba59abbe56e057f20f883e', '', '00.00.00.00.00.00', 1, 10, '2016-06-08 02:20:32', ''),
	(56, '56', 1, '56', 'e10adc3949ba59abbe56e057f20f883e', '', '00.00.00.00.00.00', 1, 10, '2016-06-08 02:20:32', ''),
	(57, '57', 1, '57', 'e10adc3949ba59abbe56e057f20f883e', '', '00.00.00.00.00.00', 1, 10, '2016-06-08 02:20:32', ''),
	(58, '58', 2, '58', 'e10adc3949ba59abbe56e057f20f883e', '', '00.00.00.00.00.00', 1, 10, '2016-06-08 02:20:32', ''),
	(59, '59', 1, '59', 'e10adc3949ba59abbe56e057f20f883e', '', '00.00.00.00.00.00', 1, 10, '2016-06-08 02:20:32', ''),
	(60, '60', 1, '60', 'e10adc3949ba59abbe56e057f20f883e', '', '00.00.00.00.00.00', 1, 10, '2016-06-08 02:20:32', ''),
	(61, '61', 1, '61', 'e10adc3949ba59abbe56e057f20f883e', '', '00.00.00.00.00.00', 1, 11, '2016-06-08 02:20:32', ''),
	(62, '62', 1, '62', 'e10adc3949ba59abbe56e057f20f883e', '', '1', 1, 11, '2016-06-08 02:20:32', 'a6dd38cc-a8dd-468b-9c51-13681e90d64c'),
	(63, '63', 1, '63', 'e10adc3949ba59abbe56e057f20f883e', '', '74-D4-35-55-C9-AB', 1, 11, '2016-06-08 02:20:32', ''),
	(64, '64', 1, '64', 'e10adc3949ba59abbe56e057f20f883e', '', '00.00.00.00.00.00', 1, 11, '2016-06-08 02:20:32', ''),
	(65, '65', 1, '65', 'e10adc3949ba59abbe56e057f20f883e', '', '00.00.00.00.00.00', 3, 11, '2016-06-08 02:20:32', ''),
	(66, '66', 2, '66', 'e10adc3949ba59abbe56e057f20f883e', '', '00.00.00.00.00.00', 1, 11, '2016-06-08 02:20:32', ''),
	(67, '67', 1, '67', 'e10adc3949ba59abbe56e057f20f883e', '', '00.00.00.00.00.00', 1, 12, '2016-06-08 02:20:32', ''),
	(68, '68', 1, '68', 'e10adc3949ba59abbe56e057f20f883e', '', '00.00.00.00.00.00', 1, 12, '2016-06-08 02:20:32', ''),
	(69, '69', 1, '69', 'e10adc3949ba59abbe56e057f20f883e', '', '00.00.00.00.00.00', 1, 12, '2016-06-08 02:20:32', ''),
	(70, '70', 1, '70', 'e10adc3949ba59abbe56e057f20f883e', '', '00.00.00.00.00.00', 1, 12, '2016-06-08 02:20:32', ''),
	(71, '71', 1, '71', 'e10adc3949ba59abbe56e057f20f883e', '', '00.00.00.00.00.00', 1, 12, '2016-06-08 02:20:32', ''),
	(72, '72', 1, '72', 'e10adc3949ba59abbe56e057f20f883e', '', '00.00.00.00.00.00', 1, 12, '2016-06-08 02:20:32', ''),
	(73, '73', 2, '73', 'e10adc3949ba59abbe56e057f20f883e', '', '00.00.00.00.00.00', 1, 13, '2016-06-08 02:20:32', ''),
	(74, '74', 1, '74', 'e10adc3949ba59abbe56e057f20f883e', '', '00.00.00.00.00.00', 1, 13, '2016-06-08 02:20:32', ''),
	(75, '75', 2, '75', 'e10adc3949ba59abbe56e057f20f883e', '', '00.00.00.00.00.00', 1, 13, '2016-06-08 02:20:32', ''),
	(76, '76', 2, '76', 'e10adc3949ba59abbe56e057f20f883e', '', '00.00.00.00.00.00', 1, 14, '2016-06-08 02:20:32', ''),
	(77, '77', 1, '77', 'e10adc3949ba59abbe56e057f20f883e', '', '00.00.00.00.00.00', 1, 14, '2016-06-08 02:20:32', ''),
	(78, '78', 1, '78', 'e10adc3949ba59abbe56e057f20f883e', '', '00.00.00.00.00.00', 1, 14, '2016-06-08 02:20:32', ''),
	(79, '79', 2, '79', 'e10adc3949ba59abbe56e057f20f883e', '', '00.00.00.00.00.00', 1, 15, '2016-06-08 02:20:32', ''),
	(80, '80', 1, '80', 'e10adc3949ba59abbe56e057f20f883e', '', '00.00.00.00.00.00', 1, 16, '2016-06-08 02:20:32', ''),
	(81, '81', 2, '81', 'e10adc3949ba59abbe56e057f20f883e', '', '00.00.00.00.00.00', 1, 16, '2016-06-08 02:20:32', ''),
	(82, '82', 1, '82', 'e10adc3949ba59abbe56e057f20f883e', '', '00.00.00.00.00.00', 1, 17, '2016-06-08 02:20:32', ''),
	(83, '83', 1, '83', 'e10adc3949ba59abbe56e057f20f883e', NULL, '00.00.00.00.00.00', 3, 17, '2016-06-08 19:25:05', ''),
	(84, '84', 1, '84', '2222222', NULL, '00.00.00.00.00.00', 3, 17, '2016-06-08 19:25:40', ''),
	(86, '86', 2, '86', 'fdsafd', NULL, '00.00.00.00.00.00', 4, 1, '2016-06-09 22:02:57', ''),
	(89, '89', 2, '89', '', NULL, '00.00.00.00.00.00', 3, 1, '2016-06-09 22:19:27', ''),
	(92, '92', 2, '92', '', NULL, '00.00.00.00.00.00', 3, 1, '2016-06-09 22:20:28', ''),
	(94, '94', 2, '94', '11111111', NULL, '00.00.00.00.00.00', 4, 1, '2016-06-09 23:21:21', ''),
	(95, '95', 2, '95', '222', NULL, '1', 4, 1, '2016-06-13 19:19:21', 'd2217782-dc6d-4965-89e2-5f54ee839282'),
	(97, '97', 2, '97', '', NULL, '00.00.00.00.00.00', 4, 19, '2016-06-13 19:23:08', ''),
	(98, '98', 1, '98', '', NULL, '00.00.00.00.00.00', 4, 19, '2016-06-13 19:25:54', ''),
	(99, '99', 2, '99', '66666', NULL, '00.00.00.00.00.00', 2, 19, '2016-06-13 19:26:45', ''),
	(100, '100', 2, '100', 'fdsafdsa', NULL, '00.00.00.00.00.00', 4, 19, '2016-06-13 19:27:48', ''),
	(101, '101', 2, '101', '', NULL, '00.00.00.00.00.00', 4, 23, '2016-06-13 19:29:20', ''),
	(102, '102', 2, '102', 'dasfdsafdsa', NULL, '00.00.00.00.00.00', 4, 19, '2016-06-13 19:37:45', ''),
	(103, '103', 1, '103', 'dsafdsa', NULL, '00.00.00.00.00.00', 2, 19, '2016-06-13 19:41:39', ''),
	(105, '105', 1, '105', 'fdsafdsa', NULL, '00.00.00.00.00.00', 4, 19, '2016-06-13 19:42:41', ''),
	(106, '106', 1, '106', 'fada', NULL, '00.00.00.00.00.00', 3, 23, '2016-06-13 19:43:08', ''),
	(107, '107', 2, '107', '2222', NULL, '00.00.00.00.00.00', 1, 1, '2016-06-12 15:10:09', ''),
	(108, '108', 2, '108', '3d2172418ce305c7d16d4b05597c6a59', NULL, '00.00.00.00.00.00', 2, 1, '2016-06-12 15:16:42', '');
/*!40000 ALTER TABLE `user` ENABLE KEYS */;


# Dumping structure for table attend.usercheckgroup
DROP TABLE IF EXISTS `usercheckgroup`;
CREATE TABLE IF NOT EXISTS `usercheckgroup` (
  `id` int(11) NOT NULL AUTO_INCREMENT COMMENT 'ID',
  `userId` int(11) NOT NULL COMMENT '用户id',
  `checkGroupId` int(11) NOT NULL COMMENT '领导id',
  PRIMARY KEY (`id`),
  KEY `userId` (`userId`),
  KEY `leaderId` (`checkGroupId`),
  CONSTRAINT `FK_usercheckgroup_checkgroup` FOREIGN KEY (`checkGroupId`) REFERENCES `checkgroup` (`id`) ON DELETE CASCADE,
  CONSTRAINT `FK_usercheckgroup_user` FOREIGN KEY (`userId`) REFERENCES `user` (`id`) ON DELETE CASCADE
) ENGINE=InnoDB DEFAULT CHARSET=utf8 COMMENT='用户、审核组关系表';

# Dumping data for table attend.usercheckgroup: ~0 rows (approximately)
DELETE FROM `usercheckgroup`;
/*!40000 ALTER TABLE `usercheckgroup` DISABLE KEYS */;
/*!40000 ALTER TABLE `usercheckgroup` ENABLE KEYS */;


# Dumping structure for table attend.warning
DROP TABLE IF EXISTS `warning`;
CREATE TABLE IF NOT EXISTS `warning` (
  `id` int(11) NOT NULL AUTO_INCREMENT COMMENT 'ID',
  `userId` int(11) NOT NULL COMMENT '用户id',
  `workTimeId` int(11) NOT NULL COMMENT '工作时间id',
  `times` int(1) DEFAULT '0' COMMENT '次数',
  `status` int(1) DEFAULT '1' COMMENT '部门查看状态，1：未查看， 2：已经查看',
  `personalStatus` int(1) DEFAULT '1' COMMENT '个人查看状态，1：未查看， 2：已经查看',
  `createdDate` timestamp NULL DEFAULT NULL COMMENT '某月告警时间（一个月告警信息都放到里面）',
  PRIMARY KEY (`id`),
  KEY `userId` (`userId`),
  KEY `workTimeId` (`workTimeId`),
  CONSTRAINT `FK_warning_user` FOREIGN KEY (`userId`) REFERENCES `user` (`id`) ON DELETE CASCADE,
  CONSTRAINT `FK_warning_worktime` FOREIGN KEY (`workTimeId`) REFERENCES `worktime` (`id`)
) ENGINE=InnoDB AUTO_INCREMENT=103 DEFAULT CHARSET=utf8 COMMENT='如迟到、早退、旷工等的规定次数就会向上级领导告警';

# Dumping data for table attend.warning: ~102 rows (approximately)
DELETE FROM `warning`;
/*!40000 ALTER TABLE `warning` DISABLE KEYS */;
INSERT INTO `warning` (`id`, `userId`, `workTimeId`, `times`, `status`, `personalStatus`, `createdDate`) VALUES
	(1, 62, 4, 1, 1, 1, '2016-06-20 09:20:10'),
	(2, 108, 5, 1, 2, 1, '2016-07-05 01:00:00'),
	(3, 107, 5, 1, 2, 1, '2016-07-05 01:00:00'),
	(4, 106, 5, 1, 1, 1, '2016-07-05 01:00:00'),
	(5, 105, 5, 1, 1, 1, '2016-07-05 01:00:00'),
	(6, 103, 5, 1, 1, 1, '2016-07-05 01:00:00'),
	(7, 102, 5, 1, 1, 1, '2016-07-05 01:00:00'),
	(8, 101, 5, 1, 1, 1, '2016-07-05 01:00:00'),
	(9, 100, 5, 1, 1, 1, '2016-07-05 01:00:00'),
	(10, 99, 5, 1, 1, 1, '2016-07-05 01:00:00'),
	(11, 98, 5, 1, 1, 1, '2016-07-05 01:00:00'),
	(12, 97, 5, 1, 1, 1, '2016-07-05 01:00:00'),
	(13, 95, 5, 1, 2, 1, '2016-07-05 01:00:00'),
	(14, 94, 5, 1, 2, 1, '2016-07-05 01:00:00'),
	(15, 92, 5, 1, 2, 1, '2016-07-05 01:00:01'),
	(16, 89, 5, 1, 2, 1, '2016-07-05 01:00:01'),
	(17, 86, 5, 1, 2, 1, '2016-07-05 01:00:01'),
	(18, 84, 5, 1, 1, 1, '2016-07-05 01:00:01'),
	(19, 83, 5, 1, 1, 1, '2016-07-05 01:00:01'),
	(20, 82, 5, 1, 1, 1, '2016-07-05 01:00:01'),
	(21, 81, 5, 1, 1, 1, '2016-07-05 01:00:01'),
	(22, 80, 5, 1, 1, 1, '2016-07-05 01:00:01'),
	(23, 79, 5, 1, 1, 1, '2016-07-05 01:00:01'),
	(24, 78, 5, 1, 1, 1, '2016-07-05 01:00:01'),
	(25, 77, 5, 1, 1, 1, '2016-07-05 01:00:01'),
	(26, 76, 5, 1, 1, 1, '2016-07-05 01:00:01'),
	(27, 75, 5, 1, 1, 1, '2016-07-05 01:00:01'),
	(28, 74, 5, 1, 1, 1, '2016-07-05 01:00:01'),
	(29, 73, 5, 1, 1, 1, '2016-07-05 01:00:01'),
	(30, 72, 5, 1, 1, 1, '2016-07-05 01:00:01'),
	(31, 71, 5, 1, 1, 1, '2016-07-05 01:00:01'),
	(32, 70, 5, 1, 1, 1, '2016-07-05 01:00:01'),
	(33, 69, 5, 1, 1, 1, '2016-07-05 01:00:01'),
	(34, 68, 5, 1, 1, 1, '2016-07-05 01:00:01'),
	(35, 67, 5, 1, 1, 1, '2016-07-05 01:00:01'),
	(36, 66, 5, 1, 1, 1, '2016-07-05 01:00:01'),
	(37, 65, 5, 1, 1, 1, '2016-07-05 01:00:01'),
	(38, 64, 5, 1, 1, 1, '2016-07-05 01:00:01'),
	(39, 63, 5, 1, 1, 1, '2016-07-05 01:00:01'),
	(40, 62, 5, 1, 1, 1, '2016-07-05 01:00:01'),
	(41, 61, 5, 1, 1, 1, '2016-07-05 01:00:01'),
	(42, 60, 5, 1, 1, 1, '2016-07-05 01:00:01'),
	(43, 59, 5, 1, 1, 1, '2016-07-05 01:00:01'),
	(44, 58, 5, 1, 1, 1, '2016-07-05 01:00:01'),
	(45, 57, 5, 1, 1, 1, '2016-07-05 01:00:01'),
	(46, 56, 5, 1, 1, 1, '2016-07-05 01:00:01'),
	(47, 55, 5, 1, 1, 1, '2016-07-05 01:00:01'),
	(48, 54, 5, 1, 1, 1, '2016-07-05 01:00:01'),
	(49, 53, 5, 1, 1, 1, '2016-07-05 01:00:01'),
	(50, 52, 5, 1, 1, 1, '2016-07-05 01:00:01'),
	(51, 51, 5, 1, 1, 1, '2016-07-05 01:00:01'),
	(52, 50, 5, 1, 1, 1, '2016-07-05 01:00:01'),
	(53, 49, 5, 1, 1, 1, '2016-07-05 01:00:01'),
	(54, 48, 5, 1, 1, 1, '2016-07-05 01:00:01'),
	(55, 47, 5, 1, 1, 1, '2016-07-05 01:00:01'),
	(56, 46, 5, 1, 1, 1, '2016-07-05 01:00:01'),
	(57, 45, 5, 1, 1, 1, '2016-07-05 01:00:01'),
	(58, 44, 5, 1, 1, 1, '2016-07-05 01:00:01'),
	(59, 43, 5, 1, 1, 1, '2016-07-05 01:00:02'),
	(60, 42, 5, 1, 1, 1, '2016-07-05 01:00:02'),
	(61, 41, 5, 1, 1, 1, '2016-07-05 01:00:02'),
	(62, 40, 5, 1, 1, 1, '2016-07-05 01:00:02'),
	(63, 39, 5, 1, 1, 1, '2016-07-05 01:00:02'),
	(64, 38, 5, 1, 1, 1, '2016-07-05 01:00:02'),
	(65, 37, 5, 1, 1, 1, '2016-07-05 01:00:02'),
	(66, 36, 5, 1, 1, 1, '2016-07-05 01:00:02'),
	(67, 35, 5, 1, 1, 1, '2016-07-05 01:00:02'),
	(68, 34, 5, 1, 1, 1, '2016-07-05 01:00:02'),
	(69, 33, 5, 1, 1, 1, '2016-07-05 01:00:02'),
	(70, 32, 5, 1, 1, 1, '2016-07-05 01:00:02'),
	(71, 31, 5, 1, 1, 1, '2016-07-05 01:00:02'),
	(72, 30, 5, 1, 1, 1, '2016-07-05 01:00:02'),
	(73, 29, 5, 1, 1, 1, '2016-07-05 01:00:02'),
	(74, 28, 5, 1, 1, 1, '2016-07-05 01:00:02'),
	(75, 27, 5, 1, 1, 1, '2016-07-05 01:00:02'),
	(76, 26, 5, 1, 1, 1, '2016-07-05 01:00:02'),
	(77, 25, 5, 1, 1, 1, '2016-07-05 01:00:02'),
	(78, 24, 5, 1, 1, 1, '2016-07-05 01:00:02'),
	(79, 23, 5, 1, 1, 1, '2016-07-05 01:00:02'),
	(80, 22, 5, 1, 1, 1, '2016-07-05 01:00:02'),
	(81, 21, 5, 1, 1, 1, '2016-07-05 01:00:02'),
	(82, 20, 5, 1, 1, 1, '2016-07-05 01:00:02'),
	(83, 19, 5, 1, 1, 1, '2016-07-05 01:00:02'),
	(84, 18, 5, 1, 1, 1, '2016-07-05 01:00:02'),
	(85, 17, 5, 1, 1, 1, '2016-07-05 01:00:02'),
	(86, 16, 5, 1, 1, 1, '2016-07-05 01:00:02'),
	(87, 15, 5, 1, 1, 1, '2016-07-05 01:00:02'),
	(88, 14, 5, 1, 1, 1, '2016-07-05 01:00:02'),
	(89, 13, 5, 1, 1, 1, '2016-07-05 01:00:02'),
	(90, 12, 5, 1, 1, 1, '2016-07-05 01:00:02'),
	(91, 11, 5, 1, 1, 1, '2016-07-05 01:00:02'),
	(92, 10, 5, 1, 1, 1, '2016-07-05 01:00:02'),
	(93, 9, 5, 1, 1, 1, '2016-07-05 01:00:02'),
	(94, 8, 5, 1, 1, 1, '2016-07-05 01:00:02'),
	(95, 7, 5, 1, 2, 1, '2016-07-05 01:00:02'),
	(96, 5, 5, 1, 2, 1, '2016-07-05 01:00:02'),
	(97, 4, 5, 1, 2, 1, '2016-07-05 01:00:02'),
	(98, 3, 5, 1, 2, 2, '2016-07-05 01:00:02'),
	(99, 2, 5, 1, 2, 2, '2016-07-05 01:00:03'),
	(100, 1, 5, 1, 2, 1, '2016-07-05 01:00:03'),
	(101, 2, 4, 1, 2, 2, '2016-07-13 09:30:31'),
	(102, 3, 4, 1, 2, 2, '2016-07-13 09:33:53');
/*!40000 ALTER TABLE `warning` ENABLE KEYS */;


# Dumping structure for table attend.weekendwork
DROP TABLE IF EXISTS `weekendwork`;
CREATE TABLE IF NOT EXISTS `weekendwork` (
  `id` int(11) NOT NULL AUTO_INCREMENT COMMENT '主键id',
  `workOnDate` timestamp NULL DEFAULT NULL COMMENT '周末上班时间',
  `description` varchar(200) DEFAULT NULL COMMENT '周末上班描述',
  PRIMARY KEY (`id`)
) ENGINE=InnoDB AUTO_INCREMENT=6 DEFAULT CHARSET=utf8 COMMENT='周末上班';

# Dumping data for table attend.weekendwork: ~5 rows (approximately)
DELETE FROM `weekendwork`;
/*!40000 ALTER TABLE `weekendwork` DISABLE KEYS */;
INSERT INTO `weekendwork` (`id`, `workOnDate`, `description`) VALUES
	(1, '2016-06-12 02:24:22', '端午后上班'),
	(2, '2016-09-18 02:25:15', '中秋上班'),
	(3, '2016-10-08 02:25:15', '国庆上班'),
	(4, '2016-10-09 02:25:15', '国庆上班'),
	(5, '2016-06-21 00:00:00', 'fdsfs');
/*!40000 ALTER TABLE `weekendwork` ENABLE KEYS */;


# Dumping structure for table attend.worklog
DROP TABLE IF EXISTS `worklog`;
CREATE TABLE IF NOT EXISTS `worklog` (
  `id` int(11) NOT NULL AUTO_INCREMENT COMMENT 'ID',
  `description` varchar(300) NOT NULL COMMENT '周计划描述',
  `finishStatus` int(1) NOT NULL DEFAULT '1' COMMENT '工作状态，1：完成， 2：未完成',
  `userId` int(11) NOT NULL COMMENT '用户id',
  `actualDate` timestamp NULL DEFAULT NULL COMMENT '具体哪一天的日志',
  `createdDate` timestamp NULL DEFAULT CURRENT_TIMESTAMP COMMENT '创建时间',
  `notes` varchar(300) DEFAULT NULL COMMENT '用来说明未完成原因',
  PRIMARY KEY (`id`),
  KEY `userId` (`userId`),
  CONSTRAINT `FK_worklog_user` FOREIGN KEY (`userId`) REFERENCES `user` (`id`) ON DELETE CASCADE
) ENGINE=InnoDB DEFAULT CHARSET=utf8 COMMENT='描述一周的每天都在干些什么';

# Dumping data for table attend.worklog: ~0 rows (approximately)
DELETE FROM `worklog`;
/*!40000 ALTER TABLE `worklog` DISABLE KEYS */;
/*!40000 ALTER TABLE `worklog` ENABLE KEYS */;


# Dumping structure for table attend.workplan
DROP TABLE IF EXISTS `workplan`;
CREATE TABLE IF NOT EXISTS `workplan` (
  `id` int(11) NOT NULL AUTO_INCREMENT COMMENT 'ID',
  `userId` int(11) NOT NULL COMMENT '用户id',
  `description` text NOT NULL COMMENT '月计划内容',
  `type` int(1) NOT NULL COMMENT '计划类型，1：个人计划、2：部门计划',
  `status` int(1) NOT NULL COMMENT '计划状态：1：周计划、2：月计划、3：季度计划、4：年计划',
  `startTime` timestamp NULL DEFAULT NULL COMMENT '计划开始时间',
  `endTime` timestamp NULL DEFAULT NULL COMMENT '计划结束时间',
  `finishStatus` int(1) NOT NULL DEFAULT '1' COMMENT '月计划完成状态，1：完成、2：未完成',
  `createdDate` timestamp NULL DEFAULT CURRENT_TIMESTAMP COMMENT '月计划创建时间',
  `notes` varchar(200) DEFAULT '' COMMENT '未完成原因',
  PRIMARY KEY (`id`),
  KEY `userId` (`userId`),
  CONSTRAINT `FK_workplan_user` FOREIGN KEY (`userId`) REFERENCES `user` (`id`) ON DELETE CASCADE
) ENGINE=InnoDB DEFAULT CHARSET=utf8 COMMENT='工作计划';

# Dumping data for table attend.workplan: ~0 rows (approximately)
DELETE FROM `workplan`;
/*!40000 ALTER TABLE `workplan` DISABLE KEYS */;
/*!40000 ALTER TABLE `workplan` ENABLE KEYS */;


# Dumping structure for table attend.worktime
DROP TABLE IF EXISTS `worktime`;
CREATE TABLE IF NOT EXISTS `worktime` (
  `id` int(11) NOT NULL AUTO_INCREMENT COMMENT 'ID',
  `name` varchar(100) NOT NULL COMMENT '工作时间名称',
  `startTime` varchar(50) NOT NULL COMMENT '工作开始时间',
  `endTime` varchar(50) DEFAULT '' COMMENT '工作结束时间',
  `warningLimit` int(2) DEFAULT '0' COMMENT '伐值（超次警告）',
  `greetings` varchar(200) DEFAULT '' COMMENT '问候语',
  PRIMARY KEY (`id`)
) ENGINE=InnoDB AUTO_INCREMENT=10 DEFAULT CHARSET=utf8 COMMENT='工作时间表';

# Dumping data for table attend.worktime: ~9 rows (approximately)
DELETE FROM `worktime`;
/*!40000 ALTER TABLE `worktime` DISABLE KEYS */;
INSERT INTO `worktime` (`id`, `name`, `startTime`, `endTime`, `warningLimit`, `greetings`) VALUES
	(1, '早到', '', '08:45', 1, '提前上班，为您点赞！'),
	(2, '正常上班', '08:45', '09:00', 0, '按时上班，工作顺利！'),
	(3, '晚到', '09:00', '09:15', 0, '请注意，晚到了哟！'),
	(4, '迟到', '09:15', '10:00', 0, '已经迟到，注意改正！'),
	(5, '缺勤', '10:00', '', 0, ''),
	(6, '早退', '17:45', '', 0, '不要早退，按时下班！'),
	(7, '提前下班', '17:45', '18:00', 0, '提前下班，说明理由！'),
	(8, '正常下班', '15:00', '18:30', 0, '遵守作息时间，向您致敬！'),
	(9, '加班', '18:30', '06:30', 0, '');
/*!40000 ALTER TABLE `worktime` ENABLE KEYS */;
/*!40101 SET SQL_MODE=@OLD_SQL_MODE */;
/*!40014 SET FOREIGN_KEY_CHECKS=@OLD_FOREIGN_KEY_CHECKS */;
/*!40101 SET CHARACTER_SET_CLIENT=@OLD_CHARACTER_SET_CLIENT */;
